1316	2295	50	\N	open	\N	\N	\N	f
1719	987	63	\N	open	\N	\N	\N	f
68	2013	3	\N	closed	expired	\N	\N	f
29	1901	2	\N	closed	expired	\N	\N	f
23	873	2	\N	closed	expired	\N	\N	f
34	1988	2	\N	closed	expired	\N	\N	f
840	2242	2	\N	closed	expired	\N	\N	f
1146	2035	22	\N	closed	expired	\N	\N	f
1568	2091	63	\N	closed	withdrawn	\N	\N	f
14	472	1	\N	closed	withdrawn	\N	\N	f
24	375	1	\N	closed	withdrawn	\N	\N	f
27	287	1	15838	closed	\N	\N	\N	f
4	1399	1	15840	closed	\N	\N	\N	f
25	472	1	15841	closed	\N	\N	\N	f
26	375	1	15842	closed	\N	\N	\N	f
18	407	1	15843	closed	\N	\N	\N	f
7	585	1	15844	closed	\N	\N	\N	f
17	830	1	15845	closed	\N	\N	\N	f
19	1449	1	\N	closed	declined	Hey Teekay,  Unfortunately the nights you have asked for are taken now.  I would be happy to give you another date if you want to re-apply.  Full disclosure, you might just be a little cool for Gravity.  My wife and I love R&B and hip hop but the crowd we get is generally more jazz, singer-songwriter and folk.  In no way am I trying to put you off applying and I will book you, you just might be at the mercy of your own friends and fans for a draw though.  Be well.  Andy	\N	f
8	1228	1	\N	closed	withdrawn	\N	\N	f
31	987	1	\N	closed	withdrawn	\N	\N	f
38	382	1	\N	closed	withdrawn	\N	\N	f
32	1963	1	\N	closed	withdrawn	\N	\N	f
20	221	1	\N	closed	withdrawn	\N	\N	f
5	1474	1	\N	closed	declined	Sorry but we are closing down musical events for January and possibly early February until we get through this omicron debacle.  Please check back for open dates in the future.  Apologies.  Andy	\N	f
3	1372	1	\N	closed	declined	Sorry but we are closing down musical events for January and possibly early February until we get through this omicron debacle.  Please check back for open dates in the future.  Apologies.  Andy	\N	f
6	675	1	\N	closed	declined	Sorry but we are closing down musical events for January and possibly early February until we get through this omicron debacle.  Please check back for open dates in the future.  Apologies.  Andy	\N	f
16	1233	1	\N	closed	declined	Sorry but we are closing down musical events for January and possibly early February until we get through this omicron debacle.  Please check back for open dates in the future.  Apologies.  Andy	\N	f
22	241	1	\N	closed	declined	Sorry but we are closing down musical events for January and possibly early February until we get through this omicron debacle.  Please check back for open dates in the future.  Apologies.  Andy	\N	f
30	670	1	\N	closed	declined	Sorry but we are closing down musical events for January and possibly early February until we get through this omicron debacle.  Please check back for open dates in the future.  Apologies.  Andy	\N	f
36	842	1	\N	closed	declined	Sorry but we are closing down musical events for January and possibly early February until we get through this omicron debacle.  Please check back for open dates in the future.  Apologies.  Andy	\N	f
39	382	1	\N	closed	declined	Sorry but we are closing down musical events for January and possibly early February until we get through this omicron debacle.  Please check back for open dates in the future.  Apologies.  Andy	\N	f
10	220	1	\N	closed	declined	Sorry but we are closing down musical events for January and possibly early February until we get through this omicron debacle.  Please check back for open dates in the future.  Apologies.  Andy	\N	f
13	151	1	\N	closed	declined	Sorry but we are closing down musical events for January and possibly early February until we get through this omicron debacle.  Please check back for open dates in the future.  Apologies.  Andy	\N	f
28	1899	1	\N	closed	declined	Sorry but we are closing down musical events for January and possibly early February until we get through this omicron debacle.  Please check back for open dates in the future.  Apologies.  Andy	\N	f
33	1988	1	\N	closed	declined	Sorry but we are closing down musical events for January and possibly early February until we get through this omicron debacle.  Please check back for open dates in the future.  Apologies.  Andy	\N	f
37	987	1	\N	closed	declined	Sorry but we are closing down musical events for January and possibly early February until we get through this omicron debacle.  Please check back for open dates in the future.  Apologies.  Andy	\N	f
223	987	6	\N	closed	withdrawn	\N	\N	f
61	2023	3	16050	closed	\N	\N	\N	f
55	2013	3	\N	closed	declined	Hello - Thank you for submitting, but that date is already taken.	\N	f
42	2009	3	\N	closed	withdrawn	\N	\N	f
121	1973	1	16329	closed	\N	\N	\N	f
43	2009	3	\N	closed	withdrawn	\N	\N	f
67	2027	3	16051	closed	\N	\N	\N	f
1488	2314	2	\N	closed	expired	\N	\N	f
1569	2091	41	\N	closed	withdrawn	\N	\N	f
59	2022	3	\N	closed	expired	\N	\N	f
1401	2062	50	\N	open	\N	\N	\N	f
48	2008	3	\N	closed	declined	Hi Dan,\r\n\r\nUnfortunately 7/16 is already taken.  Please feel free to apply for a different date - also, are you just originals or covers as well?	\N	f
63	1892	2	\N	closed	expired	\N	\N	f
41	2015	3	16027	closed	\N	\N	\N	f
70	2029	3	\N	closed	expired	\N	\N	f
60	2012	3	\N	closed	withdrawn	\N	\N	f
1147	2035	41	\N	closed	expired	\N	\N	f
181	487	2	\N	closed	expired	\N	\N	f
44	2009	3	16029	closed	\N	\N	\N	f
40	445	3	\N	closed	withdrawn	\N	\N	f
69	2008	3	16124	closed	\N	\N	\N	f
51	2016	3	16030	closed	\N	\N	\N	f
54	2013	3	\N	closed	withdrawn	\N	\N	f
53	2014	3	16126	closed	\N	\N	\N	f
57	2019	3	16031	closed	\N	\N	\N	f
58	2021	3	16032	closed	\N	\N	\N	f
65	2020	3	16041	closed	\N	\N	\N	f
66	2026	3	16042	closed	\N	\N	\N	f
56	2015	3	16028	closed	\N	\N	\N	f
62	2025	3	\N	closed	declined	Hello - Thank you for submitting, but we're looking for a different style of music.	\N	f
50	2005	3	\N	closed	declined	Hello - Thank you for  your submission, unfortunately that date is taken.  Also, I think you would be a better fit for Street Sound Sundays.  Please feel free to apply for that program.\r\n\r\nMichelle Kassick	\N	f
11	344	2	\N	closed	expired	\N	\N	f
1578	383	63	\N	open	\N	\N	\N	f
200	1361	6	\N	closed	expired	\N	\N	f
208	840	6	\N	closed	withdrawn	\N	\N	f
232	1995	6	\N	closed	withdrawn	\N	\N	f
212	1634	6	\N	closed	expired	\N	\N	f
1318	2295	51	\N	open	\N	\N	\N	f
194	201	1	\N	closed	withdrawn	\N	\N	f
210	1261	6	\N	closed	expired	\N	\N	f
1148	177	22	\N	closed	expired	\N	\N	f
178	1442	5	17202	closed	\N	\N	\N	f
206	1748	6	\N	closed	expired	\N	\N	f
216	1898	1	\N	closed	withdrawn	\N	\N	f
94	987	1	\N	closed	withdrawn	\N	\N	f
256	1991	1	\N	closed	declined	Sorry we are not holding music June 11th	\N	f
224	987	1	16353	closed	\N	\N	\N	f
64	1892	1	\N	closed	declined	All dates are open for the summer for artists wishing to book a specific date.	\N	f
107	1884	1	\N	closed	declined	All dates are open for the summer for artists wishing to book a specific date.	\N	f
214	1964	6	\N	closed	expired	\N	\N	f
222	1163	6	\N	closed	expired	\N	\N	f
236	229	6	\N	closed	expired	\N	\N	f
220	343	5	\N	closed	accepted	\N	\N	f
260	1926	1	16742	closed	\N	\N	\N	f
188	2090	1	16409	closed	\N	\N	\N	f
228	241	6	\N	closed	expired	\N	\N	f
186	395	5	16771	closed	\N	\N	\N	f
250	2069	8	\N	closed	withdrawn	\N	\N	f
248	1964	8	\N	closed	accepted	\N	\N	f
192	2092	1	\N	closed	declined		\N	f
246	1771	6	16428	closed	\N	\N	\N	f
190	449	5	\N	closed	accepted	\N	\N	f
226	201	2	\N	closed	expired	\N	\N	f
230	2084	6	\N	closed	expired	\N	\N	f
234	675	5	\N	closed	expired	\N	\N	f
240	1061	2	\N	closed	expired	\N	\N	f
238	2099	6	\N	closed	expired	\N	\N	f
263	2108	8	\N	closed	accepted	\N	\N	f
242	2101	6	\N	closed	expired	\N	\N	f
244	189	6	\N	closed	expired	\N	\N	f
252	2035	6	\N	closed	expired	\N	\N	f
321	2060	10	\N	closed	expired	\N	\N	f
318	452	10	\N	closed	expired	\N	\N	f
723	224	23	\N	closed	expired	\N	\N	f
1579	2099	63	\N	open	\N	\N	\N	f
1653	2113	62	\N	open	\N	\N	\N	f
72	445	4	\N	closed	withdrawn	\N	\N	f
97	2050	3	\N	closed	expired	\N	\N	f
45	2003	3	16086	closed	\N	\N	\N	f
105	341	1	16372	closed	\N	\N	\N	f
1149	942	22	\N	closed	expired	\N	\N	f
102	1905	1	\N	closed	declined	All dates are open for the summer for artists wishing to book a specific date.	\N	f
106	1995	1	\N	closed	declined	All dates are open for the summer for artists wishing to book a specific date.	\N	f
109	1732	1	\N	closed	declined	All dates are open for the summer for artists wishing to book a specific date.	\N	f
79	2046	3	16109	closed	\N	\N	\N	f
115	1012	1	\N	closed	declined	All dates are open for the summer for artists wishing to book a specific date.	\N	f
75	2037	3	16110	closed	\N	\N	\N	f
85	1992	2	\N	closed	expired	\N	\N	f
73	2005	4	\N	closed	accepted	\N	\N	f
1489	2314	51	\N	open	\N	\N	\N	f
1234	493	22	\N	closed	expired	\N	\N	f
96	2050	4	\N	closed	declined	Street Sound Sundays is a program that is targeted towards solos, duos, & trios. Thank you for applying!	\N	f
81	2045	3	16115	closed	\N	\N	\N	f
1413	2303	46	\N	closed	expired	\N	\N	f
99	224	2	\N	closed	expired	\N	\N	f
86	2053	4	\N	closed	accepted	\N	\N	f
78	2043	3	16125	closed	\N	\N	\N	f
100	2055	2	\N	closed	expired	\N	\N	f
90	452	2	\N	closed	expired	\N	\N	f
93	2058	3	\N	closed	expired	\N	\N	f
89	2054	3	16128	closed	\N	\N	\N	f
101	1634	2	\N	closed	expired	\N	\N	f
103	1905	2	\N	closed	expired	\N	\N	f
104	2064	3	\N	closed	expired	\N	\N	f
92	2057	3	16134	closed	\N	\N	\N	f
108	2041	2	\N	closed	expired	\N	\N	f
91	2056	3	16138	closed	\N	\N	\N	f
110	1404	2	\N	closed	expired	\N	\N	f
112	2072	3	\N	closed	expired	\N	\N	f
87	2034	3	16139	closed	\N	\N	\N	f
179	1312	2	\N	closed	expired	\N	\N	f
543	241	23	\N	closed	expired	\N	\N	f
98	2059	3	16143	closed	\N	\N	\N	f
114	445	5	\N	closed	withdrawn	\N	\N	f
116	445	5	\N	closed	withdrawn	\N	\N	f
111	1399	1	16328	closed	\N	\N	\N	f
117	843	5	\N	closed	accepted	\N	\N	f
1580	942	63	\N	open	\N	\N	\N	f
118	1497	1	\N	closed	withdrawn	\N	\N	f
138	176	1	\N	closed	declined	All dates are open for the summer for artists wishing to book a specific date.	\N	f
133	1294	5	\N	closed	expired	\N	\N	f
160	1964	5	16687	closed	\N	\N	\N	f
127	1906	5	17233	closed	\N	\N	\N	f
168	987	5	\N	closed	expired	\N	\N	f
147	445	5	\N	closed	expired	\N	\N	f
1721	987	53	\N	closed	expired	\N	\N	f
156	1636	5	\N	closed	expired	\N	\N	f
164	2069	5	16563	closed	\N	\N	\N	f
125	1995	5	16695	closed	\N	\N	\N	f
172	347	5	17253	closed	\N	\N	\N	f
135	276	5	16701	closed	\N	\N	\N	f
131	1771	5	16258	closed	\N	\N	\N	f
132	1404	5	\N	closed	accepted	\N	\N	f
1414	2303	51	\N	open	\N	\N	\N	f
1235	493	41	\N	closed	expired	\N	\N	f
170	2082	5	\N	closed	expired	\N	\N	f
169	987	2	\N	closed	expired	\N	\N	f
119	423	5	16268	closed	\N	\N	\N	f
158	241	5	16708	closed	\N	\N	\N	f
314	347	10	\N	closed	expired	\N	\N	f
167	2035	5	\N	closed	accepted	\N	\N	f
544	1102	23	\N	closed	expired	\N	\N	f
122	1898	5	\N	closed	withdrawn	\N	\N	f
123	493	5	16776	closed	\N	\N	\N	f
140	1898	5	\N	closed	withdrawn	\N	\N	f
129	942	5	\N	closed	accepted	\N	\N	f
130	229	5	16275	closed	\N	\N	\N	f
144	423	5	\N	closed	accepted	\N	\N	f
159	177	5	\N	closed	accepted	\N	\N	f
145	445	5	\N	closed	accepted	\N	\N	f
142	843	5	\N	closed	withdrawn	\N	\N	f
171	487	5	\N	closed	withdrawn	\N	\N	f
148	843	5	\N	closed	withdrawn	\N	\N	f
149	843	5	\N	closed	declined		\N	f
150	843	5	\N	closed	declined		\N	f
152	843	5	\N	closed	declined		\N	f
153	843	5	\N	closed	declined		\N	f
154	843	5	\N	closed	declined		\N	f
155	843	5	\N	closed	declined		\N	f
161	375	5	\N	closed	withdrawn	\N	\N	f
157	843	5	\N	closed	withdrawn	\N	\N	f
162	375	5	\N	closed	withdrawn	\N	\N	f
126	1748	5	\N	closed	accepted	\N	\N	f
136	176	5	\N	closed	accepted	\N	\N	f
139	344	5	\N	closed	accepted	\N	\N	f
163	840	5	\N	closed	accepted	\N	\N	f
1898	1596	56	\N	open	\N	\N	\N	f
542	241	8	\N	closed	accepted	\N	\N	f
1415	2303	22	\N	closed	expired	\N	\N	f
1151	2099	41	17928	closed	\N	\N	\N	f
1236	2210	50	\N	open	\N	\N	\N	f
255	899	1	\N	closed	declined	Dates all passed	\N	f
304	840	10	\N	closed	withdrawn	\N	\N	f
715	2222	8	\N	closed	accepted	\N	\N	f
189	2090	5	\N	closed	withdrawn	\N	\N	f
176	452	5	\N	closed	expired	\N	\N	f
180	1312	5	\N	closed	expired	\N	\N	f
205	1991	6	\N	closed	expired	\N	\N	f
211	1261	5	\N	closed	expired	\N	\N	f
217	942	6	\N	closed	expired	\N	\N	f
215	423	2	\N	closed	expired	\N	\N	f
219	201	5	\N	closed	expired	\N	\N	f
229	177	6	\N	closed	expired	\N	\N	f
227	224	6	\N	closed	expired	\N	\N	f
195	201	1	16350	closed	\N	\N	\N	f
231	2084	2	\N	closed	expired	\N	\N	f
185	1497	1	16351	closed	\N	\N	\N	f
233	347	6	\N	closed	expired	\N	\N	f
193	132	1	16352	closed	\N	\N	\N	f
235	675	6	\N	closed	expired	\N	\N	f
213	535	6	16362	closed	\N	\N	\N	f
183	535	5	\N	closed	accepted	\N	\N	f
80	1798	1	\N	closed	declined	All dates are open for the summer for artists wishing to book a specific date.	\N	f
124	493	1	\N	closed	declined	HI Anna, All dates are open for the summer for artists wishing to book a specific date. Hit me up when you are ready. A	\N	f
173	2084	1	\N	closed	declined	All dates are open for the summer for artists wishing to book a specific date.	\N	f
241	1628	6	\N	closed	expired	\N	\N	f
225	1745	6	16378	closed	\N	\N	\N	f
249	343	6	\N	closed	expired	\N	\N	f
207	710	6	16379	closed	\N	\N	\N	f
315	1898	10	\N	closed	expired	\N	\N	f
239	1061	6	\N	closed	expired	\N	\N	f
237	260	6	\N	closed	expired	\N	\N	f
245	1634	1	16410	closed	\N	\N	\N	f
243	1360	6	\N	closed	expired	\N	\N	f
247	1964	8	\N	closed	withdrawn	\N	\N	f
264	1991	11	\N	closed	expired	\N	\N	f
262	2108	8	\N	closed	withdrawn	\N	\N	f
257	1995	8	16523	closed	\N	\N	\N	f
251	840	8	\N	closed	accepted	\N	\N	f
253	224	8	\N	closed	accepted	\N	\N	f
259	2035	8	\N	closed	accepted	\N	\N	f
265	423	11	\N	closed	accepted	\N	\N	f
254	2084	8	\N	closed	accepted	\N	\N	f
1581	1404	63	\N	open	\N	\N	\N	f
361	2107	10	\N	closed	withdrawn	\N	\N	f
197	1628	5	16957	closed	\N	\N	\N	f
1020	1061	22	\N	closed	expired	\N	\N	f
319	1748	7	\N	closed	accepted	\N	\N	f
322	2060	7	\N	closed	accepted	\N	\N	f
1152	176	41	\N	closed	expired	\N	\N	f
1899	1596	41	\N	open	\N	\N	\N	f
1655	2112	59	\N	closed	withdrawn	\N	\N	f
316	2055	7	\N	closed	expired	\N	\N	f
1722	987	59	\N	open	\N	\N	\N	f
1237	452	50	17991	closed	\N	\N	\N	f
378	343	11	17089	closed	\N	\N	\N	f
356	2123	10	\N	closed	withdrawn	\N	\N	f
358	2123	2	\N	closed	withdrawn	\N	\N	f
196	1415	5	17242	closed	\N	\N	\N	f
340	229	10	\N	closed	expired	\N	\N	f
336	200	8	\N	closed	accepted	\N	\N	f
290	2112	7	\N	closed	accepted	\N	\N	f
329	487	7	\N	closed	accepted	\N	\N	f
350	1596	7	\N	closed	accepted	\N	\N	f
354	2123	7	\N	closed	accepted	\N	\N	f
338	200	10	\N	closed	expired	\N	\N	f
334	1442	11	\N	closed	expired	\N	\N	f
342	1748	11	\N	closed	expired	\N	\N	f
344	943	2	\N	closed	expired	\N	\N	f
372	1399	1	16683	closed	\N	\N	\N	f
352	2122	2	\N	closed	expired	\N	\N	f
366	1415	10	\N	closed	expired	\N	\N	f
349	1596	2	\N	closed	withdrawn	\N	\N	f
365	1061	10	\N	closed	expired	\N	\N	f
368	1019	11	\N	closed	expired	\N	\N	f
374	402	7	\N	closed	expired	\N	\N	f
370	241	11	\N	closed	expired	\N	\N	f
376	432	10	\N	closed	expired	\N	\N	f
380	487	10	\N	closed	expired	\N	\N	f
381	1157	10	\N	closed	expired	\N	\N	f
382	1361	11	\N	closed	expired	\N	\N	f
384	2069	7	\N	closed	expired	\N	\N	f
385	1415	2	\N	closed	expired	\N	\N	f
1405	2062	2	\N	closed	expired	\N	\N	f
298	493	7	\N	closed	accepted	\N	\N	f
267	452	7	\N	closed	accepted	\N	\N	f
137	176	2	\N	closed	withdrawn	\N	\N	f
268	1995	8	\N	closed	accepted	\N	\N	f
295	873	10	\N	closed	expired	\N	\N	f
300	493	1	16682	closed	\N	\N	\N	f
174	2085	5	\N	closed	accepted	\N	\N	f
545	2154	4	\N	closed	accepted	\N	\N	f
270	2035	7	16536	closed	\N	\N	\N	f
383	840	11	\N	closed	withdrawn	\N	\N	f
284	131	8	\N	closed	accepted	\N	\N	f
271	1964	7	\N	closed	accepted	\N	\N	f
510	2140	1	\N	closed	declined	Sorry guys, but this genre wouldn't work at Gravity.  Best of luck! Andy	\N	f
273	1995	7	\N	closed	accepted	\N	\N	f
288	157	9	\N	closed	expired	\N	\N	f
447	942	19	\N	closed	accepted	\N	\N	f
275	132	7	\N	closed	accepted	\N	\N	f
274	2035	7	\N	closed	accepted	\N	\N	f
1766	2091	46	\N	open	\N	\N	\N	f
1238	452	41	\N	closed	withdrawn	\N	\N	f
291	2112	2	\N	closed	expired	\N	\N	f
296	942	10	\N	closed	expired	\N	\N	f
278	840	7	\N	closed	accepted	\N	\N	f
294	2069	11	\N	closed	expired	\N	\N	f
282	2099	7	\N	closed	accepted	\N	\N	f
285	310	9	\N	closed	expired	\N	\N	f
852	1361	16	\N	closed	expired	\N	\N	f
1153	176	46	\N	closed	expired	\N	\N	f
283	131	7	\N	closed	accepted	\N	\N	f
1490	2311	58	\N	open	\N	\N	\N	f
261	1748	11	16571	closed	\N	\N	\N	f
277	840	11	16572	closed	\N	\N	\N	f
297	2060	11	\N	closed	accepted	\N	\N	f
299	493	11	\N	closed	accepted	\N	\N	f
269	2035	11	\N	closed	accepted	\N	\N	f
301	2113	7	\N	closed	accepted	\N	\N	f
302	1898	7	\N	closed	accepted	\N	\N	f
583	1596	25	\N	closed	declined	Downtown Calgary thanks you for applying to this program. Please consider applying to future CDA programs. Happy gigging!	\N	f
677	1913	27	17206	closed	\N	\N	\N	f
1767	2265	1	\N	open	\N	\N	\N	f
345	943	1	\N	closed	declined		\N	f
1406	224	46	\N	closed	withdrawn	\N	\N	f
1233	383	50	18044	closed	\N	\N	\N	f
1154	2091	22	\N	closed	expired	\N	\N	f
293	1732	7	\N	closed	accepted	\N	\N	f
303	347	7	\N	closed	accepted	\N	\N	f
1239	1596	50	\N	closed	withdrawn	\N	\N	f
317	452	11	\N	closed	accepted	\N	\N	f
313	2114	7	\N	closed	accepted	\N	\N	f
113	2072	4	\N	closed	expired	\N	\N	f
353	1995	10	\N	closed	withdrawn	\N	\N	f
305	2035	10	\N	closed	withdrawn	\N	\N	f
308	987	11	\N	closed	expired	\N	\N	f
373	1399	1	\N	closed	declined	Duplicate booking	\N	f
306	2005	4	\N	closed	expired	\N	\N	f
357	2123	11	\N	closed	withdrawn	\N	\N	f
323	2099	7	\N	closed	expired	\N	\N	f
326	2113	11	\N	closed	expired	\N	\N	f
330	487	8	\N	closed	accepted	\N	\N	f
355	2123	8	\N	closed	accepted	\N	\N	f
343	710	7	\N	closed	accepted	\N	\N	f
337	200	7	\N	closed	accepted	\N	\N	f
258	1399	1	\N	closed	withdrawn	\N	\N	f
328	1991	10	\N	closed	expired	\N	\N	f
333	1973	10	\N	closed	expired	\N	\N	f
367	1013	1	16679	closed	\N	\N	\N	f
332	535	10	\N	closed	expired	\N	\N	f
359	1596	1	\N	closed	declined	Date booked	\N	f
335	330	11	\N	closed	expired	\N	\N	f
341	229	11	\N	closed	expired	\N	\N	f
339	2035	11	\N	closed	expired	\N	\N	f
351	1596	11	\N	closed	expired	\N	\N	f
360	2107	11	\N	closed	expired	\N	\N	f
364	1061	11	\N	closed	expired	\N	\N	f
362	2035	7	\N	closed	expired	\N	\N	f
369	241	10	\N	closed	expired	\N	\N	f
371	176	11	\N	closed	expired	\N	\N	f
377	2086	7	\N	closed	expired	\N	\N	f
379	1596	10	\N	closed	expired	\N	\N	f
599	1748	25	\N	closed	declined	Downtown Calgary thanks you for applying to this program. Please consider applying to future CDA programs. Happy gigging!	\N	f
272	1995	8	\N	closed	withdrawn	\N	\N	f
1317	2295	41	\N	closed	expired	\N	\N	f
389	1995	8	\N	closed	withdrawn	\N	\N	f
1021	1061	41	\N	closed	expired	\N	\N	f
404	364	11	\N	closed	withdrawn	\N	\N	f
1325	1404	51	\N	open	\N	\N	\N	f
1155	157	41	\N	closed	withdrawn	\N	\N	f
1487	2069	45	18151	closed	\N	\N	\N	f
395	2136	2	\N	closed	expired	\N	\N	f
1240	452	46	\N	closed	expired	\N	\N	f
396	2136	7	\N	closed	expired	\N	\N	f
402	1988	7	\N	closed	withdrawn	\N	\N	f
1417	2242	46	\N	closed	expired	\N	\N	f
398	2136	11	\N	closed	expired	\N	\N	f
1723	2267	2	\N	open	\N	\N	\N	f
1571	840	63	18176	closed	\N	\N	\N	f
401	1988	11	\N	closed	expired	\N	\N	f
407	2035	8	\N	closed	expired	\N	\N	f
412	1111	2	\N	closed	expired	\N	\N	f
411	2138	10	\N	closed	expired	\N	\N	f
409	2138	1	16759	closed	\N	\N	\N	f
413	449	11	\N	closed	expired	\N	\N	f
415	1111	10	\N	closed	expired	\N	\N	f
414	449	10	\N	closed	expired	\N	\N	f
417	2001	7	\N	closed	expired	\N	\N	f
416	493	10	\N	closed	expired	\N	\N	f
421	2001	10	\N	closed	expired	\N	\N	f
419	2001	1	16801	closed	\N	\N	\N	f
390	1995	1	16803	closed	\N	\N	\N	f
426	710	19	\N	closed	expired	\N	\N	f
423	2001	8	\N	closed	accepted	\N	\N	f
429	2035	19	\N	closed	accepted	\N	\N	f
427	1748	19	\N	closed	accepted	\N	\N	f
397	2136	8	\N	closed	accepted	\N	\N	f
388	1995	7	\N	closed	withdrawn	\N	\N	f
428	1748	10	\N	closed	expired	\N	\N	f
431	1964	19	\N	closed	expired	\N	\N	f
716	2134	23	\N	closed	expired	\N	\N	f
1319	2295	46	\N	closed	expired	\N	\N	f
1491	2114	46	\N	closed	withdrawn	\N	\N	f
453	2140	11	\N	closed	expired	\N	\N	f
434	843	19	\N	closed	accepted	\N	\N	f
448	1913	19	\N	closed	accepted	\N	\N	f
435	1531	19	\N	closed	accepted	\N	\N	f
457	157	19	\N	closed	accepted	\N	\N	f
438	2140	2	\N	closed	withdrawn	\N	\N	f
552	2077	24	\N	closed	declined	Thanks for your interest, the spots have been filled. Please continue to apply for Music Mile programs! Best wishes!	\N	f
1326	2169	51	\N	open	\N	\N	\N	f
1768	2265	2	\N	open	\N	\N	\N	f
459	2135	19	\N	closed	expired	\N	\N	f
437	2140	1	\N	closed	withdrawn	\N	\N	f
460	2135	10	\N	closed	expired	\N	\N	f
1322	2295	45	\N	closed	declined		\N	f
456	1991	19	\N	closed	expired	\N	\N	f
1156	1361	41	\N	closed	withdrawn	\N	\N	f
461	2135	11	\N	closed	expired	\N	\N	f
464	2142	10	\N	closed	expired	\N	\N	f
470	1094	10	\N	closed	expired	\N	\N	f
1241	452	41	\N	closed	expired	\N	\N	f
469	176	10	\N	closed	expired	\N	\N	f
471	1094	19	\N	closed	expired	\N	\N	f
475	154	10	\N	closed	expired	\N	\N	f
442	2140	1	\N	closed	declined	Please submit with a date.	\N	f
474	154	11	\N	closed	expired	\N	\N	f
454	2140	4	\N	closed	withdrawn	\N	\N	f
473	154	19	\N	closed	expired	\N	\N	f
1570	1523	50	18179	closed	\N	\N	\N	f
472	1094	11	\N	closed	expired	\N	\N	f
476	1142	19	\N	closed	expired	\N	\N	f
717	220	23	\N	closed	expired	\N	\N	f
843	2242	29	\N	closed	expired	\N	\N	f
452	1913	8	\N	closed	accepted	\N	\N	f
446	423	19	\N	closed	accepted	\N	\N	f
432	177	19	\N	closed	accepted	\N	\N	f
444	535	19	\N	closed	accepted	\N	\N	f
468	176	19	\N	closed	accepted	\N	\N	f
455	1008	19	\N	closed	accepted	\N	\N	f
462	2135	8	\N	closed	accepted	\N	\N	f
441	2140	8	\N	closed	accepted	\N	\N	f
1409	241	2	\N	closed	expired	\N	\N	f
478	1142	10	\N	closed	expired	\N	\N	f
479	1142	4	\N	closed	accepted	\N	\N	f
493	899	1	17466	closed	\N	\N	\N	f
1327	710	51	\N	open	\N	\N	\N	f
436	287	1	16800	closed	\N	\N	\N	f
221	1898	1	\N	closed	declined	Sorry for the late response 	\N	f
424	840	19	\N	closed	accepted	\N	\N	f
482	2134	1	16802	closed	\N	\N	\N	f
486	2035	22	\N	closed	withdrawn	\N	\N	f
502	2123	22	\N	closed	withdrawn	\N	\N	f
483	423	22	16808	closed	\N	\N	\N	f
425	1995	19	\N	closed	accepted	\N	\N	f
120	1973	5	17219	closed	\N	\N	\N	f
485	1991	22	\N	closed	expired	\N	\N	f
484	2035	22	16813	closed	\N	\N	\N	f
553	2035	24	17225	closed	\N	\N	\N	f
1404	2062	45	18055	closed	\N	\N	\N	f
458	1992	1	\N	closed	declined	Dates booked	\N	f
363	1061	1	\N	closed	declined	Date booked	\N	f
292	670	1	\N	closed	declined	Dates all booked	\N	f
494	2112	22	\N	closed	expired	\N	\N	f
497	1404	11	\N	closed	expired	\N	\N	f
489	2134	1	16831	closed	\N	\N	\N	f
1157	344	41	\N	closed	expired	\N	\N	f
720	131	25	\N	closed	declined	Downtown Calgary thanks you for applying to this program. Please consider applying to future CDA programs. Happy gigging!	\N	f
503	487	22	\N	closed	expired	\N	\N	f
1242	151	2	\N	closed	expired	\N	\N	f
1572	157	63	\N	open	\N	\N	\N	f
504	2140	22	\N	closed	expired	\N	\N	f
501	2144	10	\N	closed	expired	\N	\N	f
507	310	10	\N	closed	expired	\N	\N	f
508	1899	22	\N	closed	expired	\N	\N	f
505	2138	22	\N	closed	expired	\N	\N	f
480	2144	8	\N	closed	accepted	\N	\N	f
844	2242	11	\N	closed	expired	\N	\N	f
1320	2295	1	\N	closed	declined		\N	f
1493	926	51	\N	open	\N	\N	\N	f
1573	1898	63	\N	open	\N	\N	\N	f
1077	157	46	17929	closed	\N	\N	\N	f
612	423	25	\N	closed	declined	Downtown Calgary thanks you for applying to this program. Please consider applying to future CDA programs. Happy gigging!	\N	f
1022	1913	27	\N	closed	expired	\N	\N	f
279	840	8	\N	closed	withdrawn	\N	\N	f
1033	2265	27	\N	closed	expired	\N	\N	f
1770	2265	41	\N	open	\N	\N	\N	f
1243	151	1	\N	closed	declined	Hey Tim. \r\n\r\nGoing to decline the Dec 16th request as I like more time between artists booking gigs on Friday and Saturday nights. Typically I prefer 3 months between gigs. \r\n\r\nCheers and see you on the 11th. \r\n\r\nAndy	\N	f
514	1991	23	\N	closed	expired	\N	\N	f
554	2099	24	\N	closed	declined	Thanks for your interest, the spots have been filled. Please continue to apply for Music Mile programs! Best wishes!	\N	f
557	241	24	\N	closed	declined	Thanks for your interest, the spots have been filled. Please continue to apply for Music Mile programs! Best wishes!	\N	f
724	223	25	\N	closed	declined	Downtown Calgary thanks you for applying to this program. Please consider applying to future CDA programs. Happy gigging!	\N	f
511	1442	10	\N	closed	expired	\N	\N	f
535	2109	11	\N	closed	expired	\N	\N	f
533	493	23	\N	closed	expired	\N	\N	f
1410	362	50	\N	open	\N	\N	\N	f
529	157	23	16932	closed	\N	\N	\N	f
524	2077	8	\N	closed	accepted	\N	\N	f
500	222	8	\N	closed	accepted	\N	\N	f
517	840	1	\N	closed	declined		\N	f
534	1442	23	\N	closed	expired	\N	\N	f
537	926	11	\N	closed	expired	\N	\N	f
525	1912	1	\N	closed	declined	Duplicate booking	\N	f
515	224	23	\N	closed	withdrawn	\N	\N	f
526	2035	23	\N	closed	withdrawn	\N	\N	f
528	1534	10	\N	closed	withdrawn	\N	\N	f
516	840	23	\N	closed	withdrawn	\N	\N	f
527	2123	23	\N	closed	withdrawn	\N	\N	f
538	1111	11	\N	closed	expired	\N	\N	f
540	2077	8	\N	closed	expired	\N	\N	f
556	710	11	\N	closed	expired	\N	\N	f
541	1108	8	\N	closed	expired	\N	\N	f
845	2138	16	\N	closed	expired	\N	\N	f
1321	2295	2	\N	closed	expired	\N	\N	f
587	2077	25	\N	closed	declined	Downtown Calgary thanks you for applying to this program. Please consider applying to future CDA programs. Happy gigging!	\N	f
590	2099	25	\N	closed	declined	Downtown Calgary thanks you for applying to this program. Please consider applying to future CDA programs. Happy gigging!	\N	f
565	2140	23	\N	closed	declined	Looking for more of the singer/songwriter feel. Love your sound though!	\N	f
1023	1748	43	\N	closed	expired	\N	\N	f
430	1228	19	\N	closed	accepted	\N	\N	f
666	2114	27	\N	closed	accepted	\N	\N	f
563	1596	23	17228	closed	\N	\N	\N	f
564	1596	24	\N	closed	withdrawn	\N	\N	f
848	757	16	17502	closed	\N	\N	\N	f
1657	2112	63	\N	open	\N	\N	\N	f
15	402	2	\N	closed	expired	\N	\N	f
561	987	8	\N	closed	accepted	\N	\N	f
573	1008	10	\N	closed	expired	\N	\N	f
1049	2267	41	\N	closed	expired	\N	\N	f
576	1111	23	\N	closed	expired	\N	\N	f
1329	1432	51	\N	open	\N	\N	\N	f
1412	2303	1	18057	closed	\N	\N	\N	f
141	1898	5	17235	closed	\N	\N	\N	f
591	2099	16	\N	closed	expired	\N	\N	f
1158	1861	41	\N	closed	expired	\N	\N	f
1494	2311	51	\N	open	\N	\N	\N	f
586	2077	16	\N	closed	expired	\N	\N	f
592	2035	27	\N	closed	expired	\N	\N	f
598	1748	27	\N	closed	expired	\N	\N	f
600	1889	11	\N	closed	expired	\N	\N	f
560	1360	24	\N	closed	declined	Thanks for your interest, the spots have been filled. Please continue to apply for Music Mile programs! Best wishes!	\N	f
566	1995	24	\N	closed	declined	Thanks for your interest, the spots have been filled. Please continue to apply for Music Mile programs! Best wishes!	\N	f
578	341	24	\N	closed	declined	Thanks for your interest, the spots have been filled. Please continue to apply for Music Mile programs! Best wishes!	\N	f
595	2184	24	\N	closed	declined	Thanks for your interest, the spots have been filled. Please continue to apply for Music Mile programs! Best wishes!	\N	f
582	1991	25	\N	closed	declined	Downtown Calgary thanks you for applying to this program. Please consider applying to future CDA programs. Happy gigging!	\N	f
596	2035	16	\N	closed	withdrawn	\N	\N	f
593	2035	25	\N	closed	withdrawn	\N	\N	f
588	2077	27	\N	closed	declined	Thanks for applying, weâ€™ve chosen the artists for the program. Best of luck. 	\N	f
575	1111	24	17178	closed	\N	\N	\N	f
567	449	24	17180	closed	\N	\N	\N	f
574	1008	24	17182	closed	\N	\N	\N	f
610	241	25	\N	closed	declined	Downtown Calgary thanks you for applying to this program. Please consider applying to future CDA programs. Happy gigging!	\N	f
1323	2295	22	\N	closed	expired	\N	\N	f
347	1995	11	\N	closed	withdrawn	\N	\N	f
1024	2257	43	\N	closed	expired	\N	\N	f
1658	2112	50	\N	open	\N	\N	\N	f
622	830	25	17210	closed	\N	\N	\N	f
617	2112	25	\N	closed	declined	Downtown Calgary thanks you for applying to this program. Please consider applying to future CDA programs. Happy gigging!	\N	f
530	1992	1	17062	closed	\N	\N	\N	f
611	241	27	17216	closed	\N	\N	\N	f
627	710	25	\N	closed	declined	Downtown Calgary thanks you for applying to this program. Please consider applying to future CDA programs. Happy gigging!	\N	f
638	224	25	\N	closed	declined	Downtown Calgary thanks you for applying to this program. Please consider applying to future CDA programs. Happy gigging!	\N	f
603	1995	8	\N	closed	expired	\N	\N	f
1048	2267	2	\N	closed	expired	\N	\N	f
846	2099	22	\N	closed	expired	\N	\N	f
1901	2027	64	\N	open	\N	\N	\N	f
634	830	11	\N	closed	withdrawn	\N	\N	f
623	2180	25	17443	closed	\N	\N	\N	f
609	1913	24	\N	closed	declined	Thanks for your interest, the spots have been filled. Please continue to apply for Music Mile programs! Best wishes!	\N	f
1330	1403	45	18056	closed	\N	\N	\N	f
1418	2247	50	18090	closed	\N	\N	\N	f
1159	1861	22	\N	closed	expired	\N	\N	f
607	1913	23	17074	closed	\N	\N	\N	f
1575	2242	63	\N	open	\N	\N	\N	f
601	653	1	17077	closed	\N	\N	\N	f
624	830	1	17078	closed	\N	\N	\N	f
614	1898	27	17079	closed	\N	\N	\N	f
626	1995	27	17080	closed	\N	\N	\N	f
625	2169	25	17081	closed	\N	\N	\N	f
506	310	11	17087	closed	\N	\N	\N	f
633	830	23	17091	closed	\N	\N	\N	f
621	1404	27	\N	closed	accepted	\N	\N	f
616	1111	27	\N	closed	accepted	\N	\N	f
618	2112	27	17100	closed	\N	\N	\N	f
602	1789	16	17139	closed	\N	\N	\N	f
608	1913	16	17140	closed	\N	\N	\N	f
632	830	16	17141	closed	\N	\N	\N	f
615	1111	25	17158	closed	\N	\N	\N	f
630	224	23	\N	closed	withdrawn	\N	\N	f
606	1361	16	17174	closed	\N	\N	\N	f
631	2195	25	\N	closed	declined	Downtown Calgary thanks you for applying to this program. Please consider applying to future CDA programs. Happy gigging!	\N	f
1324	2259	22	\N	closed	expired	\N	\N	f
662	2156	27	17227	closed	\N	\N	\N	f
636	2036	25	17092	closed	\N	\N	\N	f
654	2035	23	\N	closed	withdrawn	\N	\N	f
649	1111	29	\N	closed	expired	\N	\N	f
492	1748	22	\N	closed	withdrawn	\N	\N	f
674	2035	22	\N	closed	withdrawn	\N	\N	f
676	2099	1	\N	closed	declined		\N	f
644	1748	22	17095	closed	\N	\N	\N	f
659	2163	8	\N	closed	expired	\N	\N	f
650	1442	27	17460	closed	\N	\N	\N	f
1025	2074	27	\N	closed	expired	\N	\N	f
651	1442	22	\N	closed	withdrawn	\N	\N	f
648	830	22	17099	closed	\N	\N	\N	f
1051	2267	22	\N	closed	expired	\N	\N	f
640	157	27	\N	closed	accepted	\N	\N	f
642	843	29	\N	closed	withdrawn	\N	\N	f
667	2155	22	\N	closed	expired	\N	\N	f
668	2155	2	\N	closed	expired	\N	\N	f
665	757	22	\N	closed	expired	\N	\N	f
647	2035	23	\N	closed	declined	Date is booked.	\N	f
652	1442	1	\N	closed	declined		\N	f
643	710	22	\N	closed	withdrawn	\N	\N	f
673	1900	22	\N	closed	withdrawn	\N	\N	f
1331	378	51	\N	open	\N	\N	\N	f
1419	449	41	\N	closed	withdrawn	\N	\N	f
679	200	2	\N	closed	expired	\N	\N	f
658	2163	8	\N	closed	withdrawn	\N	\N	f
1160	1748	41	\N	closed	expired	\N	\N	f
1659	2112	2	\N	closed	expired	\N	\N	f
1576	423	62	\N	open	\N	\N	\N	f
680	200	23	\N	closed	expired	\N	\N	f
653	930	1	17145	closed	\N	\N	\N	f
671	840	22	17149	closed	\N	\N	\N	f
646	2035	22	\N	closed	withdrawn	\N	\N	f
672	1900	27	17160	closed	\N	\N	\N	f
678	344	27	17161	closed	\N	\N	\N	f
655	2163	27	17162	closed	\N	\N	\N	f
670	487	27	17163	closed	\N	\N	\N	f
1338	2113	41	\N	closed	expired	\N	\N	f
641	157	25	\N	closed	declined	Downtown Calgary thanks you for applying to this program. Please consider applying to future CDA programs. Happy gigging!	\N	f
698	224	22	\N	closed	withdrawn	\N	\N	f
620	1404	25	\N	closed	expired	\N	\N	f
726	1913	27	17720	closed	\N	\N	\N	f
1725	241	46	\N	closed	expired	\N	\N	f
1244	241	50	\N	open	\N	\N	\N	f
708	1899	27	17209	closed	\N	\N	\N	f
1332	972	51	\N	open	\N	\N	\N	f
1161	1748	22	\N	closed	expired	\N	\N	f
682	710	27	\N	closed	expired	\N	\N	f
684	2074	25	17214	closed	\N	\N	\N	f
695	2222	11	\N	closed	withdrawn	\N	\N	f
704	939	11	\N	closed	expired	\N	\N	f
696	1359	8	\N	closed	accepted	\N	\N	f
712	2222	11	\N	closed	expired	\N	\N	f
731	2227	27	\N	closed	expired	\N	\N	f
728	1913	23	\N	closed	expired	\N	\N	f
709	487	27	\N	closed	expired	\N	\N	f
701	2107	24	17217	closed	\N	\N	\N	f
683	2074	24	17179	closed	\N	\N	\N	f
729	2036	29	\N	closed	expired	\N	\N	f
693	935	24	17181	closed	\N	\N	\N	f
685	2074	27	17230	closed	\N	\N	\N	f
1497	493	46	\N	closed	expired	\N	\N	f
559	241	1	17239	closed	\N	\N	\N	f
703	939	25	17193	closed	\N	\N	\N	f
721	131	27	17249	closed	\N	\N	\N	f
706	224	23	\N	closed	withdrawn	\N	\N	f
689	935	25	17198	closed	\N	\N	\N	f
711	341	25	17200	closed	\N	\N	\N	f
730	449	25	17340	closed	\N	\N	\N	f
725	2035	23	\N	closed	withdrawn	\N	\N	f
686	2074	22	\N	closed	withdrawn	\N	\N	f
705	939	24	\N	closed	declined	Thanks for your interest, the spots have been filled. Please continue to apply for Music Mile programs! Best wishes!	\N	f
732	1359	24	\N	closed	declined	Thanks for your interest, the spots have been filled. Please continue to apply for Music Mile programs! Best wishes!	\N	f
699	1995	22	\N	closed	withdrawn	\N	\N	f
707	310	25	\N	closed	declined	Downtown Calgary thanks you for applying to this program. Please consider applying to future CDA programs. Happy gigging!	\N	f
714	2222	25	\N	closed	declined	Downtown Calgary thanks you for applying to this program. Please consider applying to future CDA programs. Happy gigging!	\N	f
1582	2267	62	\N	open	\N	\N	\N	f
1245	1926	50	\N	open	\N	\N	\N	f
1333	2242	51	\N	open	\N	\N	\N	f
761	845	1	\N	closed	declined	Sorry, these dates are all booked	\N	f
1771	2265	46	\N	open	\N	\N	\N	f
1162	710	41	\N	closed	expired	\N	\N	f
734	1399	23	\N	closed	expired	\N	\N	f
735	1912	23	\N	closed	expired	\N	\N	f
1498	2272	51	\N	open	\N	\N	\N	f
738	2084	27	\N	closed	expired	\N	\N	f
1661	221	1	18251	closed	\N	\N	\N	f
1421	840	51	\N	closed	withdrawn	\N	\N	f
747	132	11	\N	closed	expired	\N	\N	f
687	2074	23	\N	closed	withdrawn	\N	\N	f
752	2074	23	\N	closed	expired	\N	\N	f
753	2074	8	\N	closed	accepted	\N	\N	f
754	221	23	\N	closed	expired	\N	\N	f
749	132	23	\N	closed	expired	\N	\N	f
719	1900	25	17334	closed	\N	\N	\N	f
750	1964	8	\N	closed	expired	\N	\N	f
759	462	1	\N	closed	withdrawn	\N	\N	f
756	221	2	\N	closed	expired	\N	\N	f
758	224	8	\N	closed	expired	\N	\N	f
755	221	1	17379	closed	\N	\N	\N	f
757	449	27	\N	closed	expired	\N	\N	f
770	2234	2	\N	closed	expired	\N	\N	f
762	1449	1	\N	closed	withdrawn	\N	\N	f
834	2035	22	\N	closed	expired	\N	\N	f
763	1449	25	17418	closed	\N	\N	\N	f
739	2084	24	\N	closed	declined	Thanks for your interest, the spots have been filled. Please continue to apply for Music Mile programs! Best wishes!	\N	f
751	224	24	\N	closed	declined	Thanks for your interest, the spots have been filled. Please continue to apply for Music Mile programs! Best wishes!	\N	f
768	387	24	\N	closed	declined	Thanks for your interest, the spots have been filled. Please continue to apply for Music Mile programs! Best wishes!	\N	f
740	200	11	17452	closed	\N	\N	\N	f
733	1141	25	\N	closed	declined	Downtown Calgary thanks you for applying to this program. Please consider applying to future CDA programs. Happy gigging!	\N	f
741	1964	25	\N	closed	declined	Downtown Calgary thanks you for applying to this program. Please consider applying to future CDA programs. Happy gigging!	\N	f
744	493	25	\N	closed	declined	Downtown Calgary thanks you for applying to this program. Please consider applying to future CDA programs. Happy gigging!	\N	f
771	2234	8	\N	closed	accepted	\N	\N	f
1499	2091	22	\N	closed	withdrawn	\N	\N	f
994	1773	42	\N	closed	accepted	\N	\N	f
782	942	27	17459	closed	\N	\N	\N	f
1772	2265	53	\N	open	\N	\N	\N	f
1027	2074	41	\N	closed	expired	\N	\N	f
1246	1404	50	\N	open	\N	\N	\N	f
792	452	27	\N	closed	accepted	\N	\N	f
773	362	25	17400	closed	\N	\N	\N	f
393	2134	7	\N	closed	withdrawn	\N	\N	f
1334	873	51	\N	open	\N	\N	\N	f
804	2241	1	17857	closed	\N	\N	\N	f
1422	840	22	18119	closed	\N	\N	\N	f
783	1399	1	\N	closed	withdrawn	\N	\N	f
793	452	11	\N	closed	withdrawn	\N	\N	f
797	452	23	\N	closed	withdrawn	\N	\N	f
1163	710	22	\N	closed	expired	\N	\N	f
777	151	1	17885	closed	\N	\N	\N	f
776	344	1	17422	closed	\N	\N	\N	f
803	757	23	17698	closed	\N	\N	\N	f
784	218	1	17423	closed	\N	\N	\N	f
847	1926	22	\N	closed	expired	\N	\N	f
786	152	27	17427	closed	\N	\N	\N	f
781	1995	23	\N	closed	expired	\N	\N	f
722	1404	27	17428	closed	\N	\N	\N	f
787	152	11	\N	closed	expired	\N	\N	f
1583	2267	63	18205	closed	\N	\N	\N	f
789	1964	1	\N	closed	withdrawn	\N	\N	f
806	2241	11	\N	closed	expired	\N	\N	f
785	364	1	17433	closed	\N	\N	\N	f
1660	2112	45	18222	closed	\N	\N	\N	f
764	1900	1	17434	closed	\N	\N	\N	f
775	1798	1	17435	closed	\N	\N	\N	f
1727	2332	45	18273	closed	\N	\N	\N	f
794	452	24	\N	closed	declined	Thanks for your interest, the spots have been filled. Please continue to apply for Music Mile programs! Best wishes!	\N	f
800	2074	25	\N	closed	declined	Downtown Calgary thanks you for applying to this program. Please consider applying to future CDA programs. Happy gigging!	\N	f
1584	2267	59	\N	open	\N	\N	\N	f
1400	2062	46	18064	closed	\N	\N	\N	f
1164	423	22	17937	closed	\N	\N	\N	f
509	2099	22	\N	closed	withdrawn	\N	\N	f
1335	2113	50	18086	closed	\N	\N	\N	f
1028	2265	22	\N	closed	expired	\N	\N	f
828	2035	22	\N	closed	withdrawn	\N	\N	f
811	157	22	\N	closed	withdrawn	\N	\N	f
35	1359	2	\N	closed	withdrawn	\N	\N	f
1037	1773	22	\N	closed	expired	\N	\N	f
331	487	11	17457	closed	\N	\N	\N	f
817	232	1	\N	closed	withdrawn	\N	\N	f
809	151	27	\N	closed	expired	\N	\N	f
1500	1359	58	\N	open	\N	\N	\N	f
810	2099	22	\N	closed	withdrawn	\N	\N	f
1247	1404	22	\N	closed	expired	\N	\N	f
816	1359	22	\N	closed	expired	\N	\N	f
826	2227	22	\N	closed	expired	\N	\N	f
829	2169	2	\N	closed	expired	\N	\N	f
831	2169	23	\N	closed	expired	\N	\N	f
812	2035	22	\N	closed	withdrawn	\N	\N	f
853	1748	16	\N	closed	expired	\N	\N	f
681	1991	24	\N	closed	declined	Thanks for your interest, the spots have been filled. Please continue to apply for Music Mile programs! Best wishes!	\N	f
713	2222	24	\N	closed	declined	Thanks for your interest, the spots have been filled. Please continue to apply for Music Mile programs! Best wishes!	\N	f
718	2035	24	\N	closed	declined	Thanks for your interest, the spots have been filled. Please continue to apply for Music Mile programs! Best wishes!	\N	f
774	2118	24	\N	closed	declined	Thanks for your interest, the spots have been filled. Please continue to apply for Music Mile programs! Best wishes!	\N	f
824	1894	24	\N	closed	declined	Thanks for your interest, the spots have been filled. Please continue to apply for Music Mile programs! Best wishes!	\N	f
827	1912	24	\N	closed	declined	Thanks for your interest, the spots have been filled. Please continue to apply for Music Mile programs! Best wishes!	\N	f
546	1361	24	\N	closed	declined	Thanks for your interest, the spots have been filled. Please continue to apply for Music Mile programs! Best wishes!	\N	f
547	423	24	\N	closed	declined	Thanks for your interest, the spots have been filled. Please continue to apply for Music Mile programs! Best wishes!	\N	f
548	1964	24	\N	closed	declined	Thanks for your interest, the spots have been filled. Please continue to apply for Music Mile programs! Best wishes!	\N	f
818	232	1	17638	closed	\N	\N	\N	f
825	840	22	17662	closed	\N	\N	\N	f
823	1894	8	\N	closed	accepted	\N	\N	f
808	395	1	17719	closed	\N	\N	\N	f
549	1748	24	\N	closed	declined	Thanks for your interest, the spots have been filled. Please continue to apply for Music Mile programs! Best wishes!	\N	f
551	1076	24	\N	closed	declined	Thanks for your interest, the spots have been filled. Please continue to apply for Music Mile programs! Best wishes!	\N	f
1774	935	41	\N	open	\N	\N	\N	f
861	2074	27	\N	closed	withdrawn	\N	\N	f
570	2155	1	17469	closed	\N	\N	\N	f
842	2242	27	\N	closed	accepted	\N	\N	f
589	423	16	17504	closed	\N	\N	\N	f
1029	2265	43	\N	closed	expired	\N	\N	f
1423	224	53	\N	closed	expired	\N	\N	f
1337	2113	51	\N	open	\N	\N	\N	f
1165	1087	46	\N	closed	expired	\N	\N	f
1501	1404	46	\N	closed	expired	\N	\N	f
568	2161	1	\N	closed	declined		\N	f
912	840	39	\N	closed	withdrawn	\N	\N	f
830	2169	1	17636	closed	\N	\N	\N	f
813	1359	1	17639	closed	\N	\N	\N	f
700	2107	22	\N	closed	withdrawn	\N	\N	f
841	2242	8	\N	closed	accepted	\N	\N	f
882	2069	23	\N	closed	withdrawn	\N	\N	f
835	224	4	\N	closed	expired	\N	\N	f
854	423	16	\N	closed	expired	\N	\N	f
857	1442	16	\N	closed	expired	\N	\N	f
867	2069	22	\N	closed	expired	\N	\N	f
914	1926	27	17712	closed	\N	\N	\N	f
876	2247	22	\N	closed	expired	\N	\N	f
875	2247	27	17714	closed	\N	\N	\N	f
873	2247	2	\N	closed	expired	\N	\N	f
896	423	39	17730	closed	\N	\N	\N	f
879	1028	16	\N	closed	expired	\N	\N	f
908	942	39	17731	closed	\N	\N	\N	f
891	2242	23	\N	closed	expired	\N	\N	f
894	2099	39	\N	closed	expired	\N	\N	f
898	224	39	\N	closed	expired	\N	\N	f
900	2227	39	\N	closed	expired	\N	\N	f
904	2257	2	\N	closed	expired	\N	\N	f
910	2001	39	\N	closed	expired	\N	\N	f
919	310	39	\N	closed	expired	\N	\N	f
917	1912	41	\N	closed	expired	\N	\N	f
923	1898	42	\N	closed	expired	\N	\N	f
550	710	24	\N	closed	declined	Thanks for your interest, the spots have been filled. Please continue to apply for Music Mile programs! Best wishes!	\N	f
920	445	42	\N	closed	accepted	\N	\N	f
836	2113	27	\N	closed	accepted	\N	\N	f
1424	1628	41	\N	closed	expired	\N	\N	f
1775	935	46	\N	open	\N	\N	\N	f
1166	1087	41	\N	closed	expired	\N	\N	f
849	2074	16	17503	closed	\N	\N	\N	f
929	1284	42	17830	closed	\N	\N	\N	f
605	1995	16	17505	closed	\N	\N	\N	f
1249	2107	50	17984	closed	\N	\N	\N	f
400	364	10	\N	closed	withdrawn	\N	\N	f
911	2001	1	17905	closed	\N	\N	\N	f
862	2060	16	17589	closed	\N	\N	\N	f
918	2227	41	\N	closed	withdrawn	\N	\N	f
838	423	22	\N	closed	expired	\N	\N	f
1502	1404	53	\N	closed	expired	\N	\N	f
855	493	16	\N	closed	expired	\N	\N	f
868	2091	16	17603	closed	\N	\N	\N	f
865	1028	16	\N	closed	withdrawn	\N	\N	f
539	1111	1	\N	closed	declined		\N	f
874	2247	16	\N	closed	expired	\N	\N	f
779	2134	1	17637	closed	\N	\N	\N	f
877	2247	23	\N	closed	expired	\N	\N	f
880	2138	27	\N	closed	expired	\N	\N	f
887	493	22	17661	closed	\N	\N	\N	f
885	1524	22	\N	closed	expired	\N	\N	f
892	452	23	\N	closed	expired	\N	\N	f
895	939	39	\N	closed	expired	\N	\N	f
903	2257	27	17716	closed	\N	\N	\N	f
897	1777	39	\N	closed	expired	\N	\N	f
915	1926	39	17732	closed	\N	\N	\N	f
905	241	39	\N	closed	expired	\N	\N	f
901	1555	23	\N	closed	expired	\N	\N	f
927	2257	42	\N	closed	accepted	\N	\N	f
907	1995	39	\N	closed	expired	\N	\N	f
909	2001	23	\N	closed	expired	\N	\N	f
913	2074	39	\N	closed	expired	\N	\N	f
916	493	39	\N	closed	expired	\N	\N	f
922	2099	42	\N	closed	expired	\N	\N	f
926	157	41	\N	closed	expired	\N	\N	f
555	445	24	\N	closed	declined	Thanks for your interest, the spots have been filled. Please continue to apply for Music Mile programs! Best wishes!	\N	f
585	1596	24	\N	closed	declined	Thanks for your interest, the spots have been filled. Please continue to apply for Music Mile programs! Best wishes!	\N	f
629	157	24	\N	closed	declined	Thanks for your interest, the spots have been filled. Please continue to apply for Music Mile programs! Best wishes!	\N	f
1339	2113	22	\N	closed	expired	\N	\N	f
519	2077	1	\N	closed	declined		\N	f
884	1442	1	\N	closed	declined		\N	f
688	2035	25	\N	closed	declined	Downtown Calgary thanks you for applying to this program. Please consider applying to future CDA programs. Happy gigging!	\N	f
710	1442	25	\N	closed	declined	Downtown Calgary thanks you for applying to this program. Please consider applying to future CDA programs. Happy gigging!	\N	f
727	1913	25	\N	closed	declined	Downtown Calgary thanks you for applying to this program. Please consider applying to future CDA programs. Happy gigging!	\N	f
737	2084	25	\N	closed	declined	Downtown Calgary thanks you for applying to this program. Please consider applying to future CDA programs. Happy gigging!	\N	f
765	387	25	\N	closed	declined	Downtown Calgary thanks you for applying to this program. Please consider applying to future CDA programs. Happy gigging!	\N	f
795	2109	25	\N	closed	declined	Downtown Calgary thanks you for applying to this program. Please consider applying to future CDA programs. Happy gigging!	\N	f
833	2113	25	\N	closed	declined	Downtown Calgary thanks you for applying to this program. Please consider applying to future CDA programs. Happy gigging!	\N	f
820	1894	25	\N	closed	declined	Downtown Calgary thanks you for applying to this program. Please consider applying to future CDA programs. Happy gigging!	\N	f
580	445	25	\N	closed	declined	Downtown Calgary thanks you for applying to this program. Please consider applying to future CDA programs. Happy gigging!	\N	f
1776	1989	41	\N	open	\N	\N	\N	f
869	2091	29	\N	closed	withdrawn	\N	\N	f
1167	1087	1	17946	closed	\N	\N	\N	f
801	2074	27	\N	closed	withdrawn	\N	\N	f
12	374	2	\N	closed	expired	\N	\N	f
2	139	2	\N	closed	expired	\N	\N	f
760	462	1	\N	closed	declined	Sorry Kevin, this date was booked a while ago.  September is booked up now, but we have plenty of space in Oct and Nov	\N	f
839	1912	27	\N	closed	expired	\N	\N	f
851	2245	2	\N	closed	expired	\N	\N	f
890	1399	1	17676	closed	\N	\N	\N	f
859	942	27	\N	closed	expired	\N	\N	f
866	2069	16	\N	closed	withdrawn	\N	\N	f
863	2060	22	\N	closed	expired	\N	\N	f
850	1404	27	17717	closed	\N	\N	\N	f
872	1913	16	\N	closed	expired	\N	\N	f
881	152	22	\N	closed	expired	\N	\N	f
886	2099	38	\N	closed	expired	\N	\N	f
888	710	22	\N	closed	expired	\N	\N	f
1340	2113	46	\N	closed	expired	\N	\N	f
1251	2282	50	\N	open	\N	\N	\N	f
1777	1989	46	\N	open	\N	\N	\N	f
1425	2222	51	\N	open	\N	\N	\N	f
958	2247	42	\N	closed	accepted	\N	\N	f
1168	1087	2	\N	closed	expired	\N	\N	f
1503	2077	45	18162	closed	\N	\N	\N	f
946	1404	1	17847	closed	\N	\N	\N	f
1040	1773	40	\N	closed	declined	sorry to decline the offer we are fully booked, we hope to contact you again in the new year. cheers	\N	f
940	1695	42	\N	closed	withdrawn	\N	\N	f
961	2091	42	\N	closed	withdrawn	\N	\N	f
1729	840	41	18265	closed	\N	\N	\N	f
931	236	42	\N	closed	expired	\N	\N	f
1505	2077	1	18276	closed	\N	\N	\N	f
942	2257	27	\N	closed	expired	\N	\N	f
935	177	42	\N	closed	accepted	\N	\N	f
924	423	42	\N	closed	accepted	\N	\N	f
925	157	42	\N	closed	accepted	\N	\N	f
930	487	42	\N	closed	accepted	\N	\N	f
934	280	42	\N	closed	accepted	\N	\N	f
938	942	42	\N	closed	accepted	\N	\N	f
945	1404	42	\N	closed	accepted	\N	\N	f
951	493	42	\N	closed	expired	\N	\N	f
956	2260	42	\N	closed	expired	\N	\N	f
943	2257	40	17736	closed	\N	\N	\N	f
960	1425	42	\N	closed	expired	\N	\N	f
965	1442	39	\N	closed	expired	\N	\N	f
954	2260	2	\N	closed	withdrawn	\N	\N	f
964	152	42	\N	closed	expired	\N	\N	f
963	2091	41	\N	closed	expired	\N	\N	f
966	1141	42	\N	closed	expired	\N	\N	f
968	942	42	\N	closed	expired	\N	\N	f
949	2241	40	17737	closed	\N	\N	\N	f
950	493	40	17738	closed	\N	\N	\N	f
962	189	42	\N	closed	accepted	\N	\N	f
952	344	42	\N	closed	accepted	\N	\N	f
957	347	42	\N	closed	accepted	\N	\N	f
967	2261	42	\N	closed	accepted	\N	\N	f
939	1517	42	\N	closed	accepted	\N	\N	f
989	939	42	\N	closed	accepted	\N	\N	f
1009	2035	43	\N	closed	expired	\N	\N	f
975	2035	42	\N	closed	accepted	\N	\N	f
991	341	42	\N	closed	accepted	\N	\N	f
1004	1028	41	\N	closed	expired	\N	\N	f
1006	1028	22	\N	closed	expired	\N	\N	f
979	935	42	\N	closed	accepted	\N	\N	f
1008	830	43	\N	closed	expired	\N	\N	f
1011	2210	27	\N	closed	expired	\N	\N	f
1341	2272	29	\N	closed	expired	\N	\N	f
1031	2265	2	\N	closed	expired	\N	\N	f
1041	1628	41	\N	closed	expired	\N	\N	f
1426	2116	51	\N	open	\N	\N	\N	f
1169	1087	22	\N	closed	expired	\N	\N	f
983	241	42	\N	closed	withdrawn	\N	\N	f
933	2259	42	\N	closed	accepted	\N	\N	f
982	241	40	\N	closed	declined	Hello Neil,\r\nwe are very sorry to decline the invite for November 10th, another artist booked that date with us already, we have availability October 13th, if this date works for you please let us know.\r\nthank you.	\N	f
1587	1861	62	\N	open	\N	\N	\N	f
987	2091	39	\N	closed	withdrawn	\N	\N	f
971	2074	42	\N	closed	expired	\N	\N	f
986	241	40	17741	closed	\N	\N	\N	f
1252	1906	41	\N	closed	expired	\N	\N	f
1496	2311	1	18223	closed	\N	\N	\N	f
981	1632	42	\N	closed	expired	\N	\N	f
1730	493	41	18339	closed	\N	\N	\N	f
980	2041	42	\N	closed	expired	\N	\N	f
1504	2077	2	\N	closed	expired	\N	\N	f
993	423	40	17742	closed	\N	\N	\N	f
995	2227	40	\N	closed	declined		\N	f
996	2227	40	17743	closed	\N	\N	\N	f
997	840	40	17744	closed	\N	\N	\N	f
999	383	43	17752	closed	\N	\N	\N	f
1002	157	43	17776	closed	\N	\N	\N	f
1005	1028	40	17778	closed	\N	\N	\N	f
970	2060	42	\N	closed	accepted	\N	\N	f
972	310	42	\N	closed	accepted	\N	\N	f
973	2242	42	\N	closed	accepted	\N	\N	f
976	1596	42	\N	closed	accepted	\N	\N	f
984	2262	42	\N	closed	accepted	\N	\N	f
1427	2116	50	\N	open	\N	\N	\N	f
1012	585	40	\N	closed	declined	Hey Brian, \r\nsorry to decline the offer October 27th is booked, we have availability November 24 only for now.\r\nthank you.	\N	f
969	2261	40	\N	closed	declined		\N	f
1007	2099	43	17817	closed	\N	\N	\N	f
1010	487	40	17779	closed	\N	\N	\N	f
1039	1773	41	\N	closed	expired	\N	\N	f
959	2091	40	17780	closed	\N	\N	\N	f
1044	830	22	\N	closed	expired	\N	\N	f
1045	1995	43	\N	closed	expired	\N	\N	f
1017	1748	22	17818	closed	\N	\N	\N	f
1015	224	40	\N	closed	withdrawn	\N	\N	f
1055	452	41	\N	closed	withdrawn	\N	\N	f
1052	2267	43	\N	closed	expired	\N	\N	f
1050	2267	40	\N	closed	expired	\N	\N	f
1014	2242	41	\N	closed	expired	\N	\N	f
1506	2077	51	\N	open	\N	\N	\N	f
1053	224	43	\N	closed	expired	\N	\N	f
1058	241	41	\N	closed	expired	\N	\N	f
1036	1361	1	17827	closed	\N	\N	\N	f
1016	224	40	\N	closed	withdrawn	\N	\N	f
1588	1861	63	\N	open	\N	\N	\N	f
645	1414	1	\N	closed	declined	Hey,  Unfortunately the 28th is booked sorry!! The 29th is open, so if you can make it send me a request and I will book for you.  \r\nAndy	\N	f
921	2099	41	\N	closed	withdrawn	\N	\N	f
1662	224	58	\N	open	\N	\N	\N	f
796	452	22	\N	closed	withdrawn	\N	\N	f
1054	452	22	17837	closed	\N	\N	\N	f
1034	2265	40	17838	closed	\N	\N	\N	f
1056	452	40	17839	closed	\N	\N	\N	f
1042	840	41	\N	closed	withdrawn	\N	\N	f
893	840	23	\N	closed	withdrawn	\N	\N	f
1057	2270	1	17841	closed	\N	\N	\N	f
1059	1144	1	\N	closed	declined	Hey guys, Unfortunately November 5th is booked.  We have tons of other open dates in November though.  Flip me another date request if any of them work for you.  Cheers, Andy	\N	f
1013	2242	40	17895	closed	\N	\N	\N	f
1046	1963	40	17899	closed	\N	\N	\N	f
1043	224	40	17900	closed	\N	\N	\N	f
1	1371	2	\N	closed	expired	\N	\N	f
21	375	2	\N	closed	expired	\N	\N	f
1018	1748	41	\N	closed	withdrawn	\N	\N	f
1589	2272	62	\N	open	\N	\N	\N	f
1428	452	50	18068	closed	\N	\N	\N	f
320	2060	11	\N	closed	withdrawn	\N	\N	f
1030	2265	1	17846	closed	\N	\N	\N	f
512	1312	1	17856	closed	\N	\N	\N	f
1074	2099	46	17932	closed	\N	\N	\N	f
1000	2248	1	17848	closed	\N	\N	\N	f
1061	653	1	\N	closed	declined	Hey, \r\nUnfortunately that date is taken.  Do you have any other dates that would work for you? The rest of December is open, although I may have the 9th booked soon.\r\nCheers,\r\nAndy	\N	f
1070	1061	1	\N	closed	declined		\N	f
1060	2091	45	17849	closed	\N	\N	\N	f
1071	1312	41	\N	closed	withdrawn	\N	\N	f
1035	1361	41	17850	closed	\N	\N	\N	f
1064	2272	29	\N	closed	expired	\N	\N	f
1065	1995	41	\N	closed	expired	\N	\N	f
1084	757	46	\N	closed	withdrawn	\N	\N	f
1075	2227	46	\N	closed	expired	\N	\N	f
1068	653	1	17853	closed	\N	\N	\N	f
408	2112	1	\N	closed	declined		\N	f
1047	2267	1	\N	closed	declined	Now a duplicate as you are teaming up with Tommy!	\N	f
1076	1912	46	\N	closed	expired	\N	\N	f
1079	2242	46	\N	closed	expired	\N	\N	f
1069	1061	45	17854	closed	\N	\N	\N	f
1081	2091	46	\N	closed	expired	\N	\N	f
1066	926	45	17855	closed	\N	\N	\N	f
487	1312	22	\N	closed	withdrawn	\N	\N	f
1072	939	1	17858	closed	\N	\N	\N	f
1078	2275	45	17859	closed	\N	\N	\N	f
1080	1992	1	17860	closed	\N	\N	\N	f
1085	1694	45	17896	closed	\N	\N	\N	f
1082	2242	45	17897	closed	\N	\N	\N	f
802	757	1	17904	closed	\N	\N	\N	f
191	2091	5	\N	closed	withdrawn	\N	\N	f
9	220	2	\N	closed	expired	\N	\N	f
71	2031	2	\N	closed	expired	\N	\N	f
1104	151	46	\N	closed	expired	\N	\N	f
1103	1926	46	\N	closed	expired	\N	\N	f
1590	1861	50	\N	open	\N	\N	\N	f
1102	1596	47	\N	closed	expired	\N	\N	f
1105	341	46	\N	closed	expired	\N	\N	f
1106	341	47	\N	closed	expired	\N	\N	f
1089	2107	41	\N	closed	withdrawn	\N	\N	f
1114	2247	46	\N	closed	expired	\N	\N	f
1112	1404	46	\N	closed	expired	\N	\N	f
1108	241	46	\N	closed	expired	\N	\N	f
1663	2112	62	\N	open	\N	\N	\N	f
1119	493	1	\N	closed	declined	Hey Anna,  Sorry love but this night isn't available.  I am as good as booked up for December, but can get you in for January if that works. A	\N	f
1342	2272	50	\N	open	\N	\N	\N	f
1096	1628	47	17886	closed	\N	\N	\N	f
1170	2069	41	\N	closed	withdrawn	\N	\N	f
1086	2242	47	17887	closed	\N	\N	\N	f
1088	1913	46	\N	closed	expired	\N	\N	f
1091	224	47	17888	closed	\N	\N	\N	f
1098	151	41	\N	closed	expired	\N	\N	f
1095	423	47	17889	closed	\N	\N	\N	f
1097	151	45	\N	closed	expired	\N	\N	f
1083	757	47	17890	closed	\N	\N	\N	f
1115	1517	41	\N	closed	expired	\N	\N	f
1116	255	46	\N	closed	expired	\N	\N	f
1101	2257	46	\N	closed	expired	\N	\N	f
1118	493	46	\N	closed	expired	\N	\N	f
1099	151	47	17891	closed	\N	\N	\N	f
1429	1415	45	\N	closed	withdrawn	\N	\N	f
1780	2069	46	\N	open	\N	\N	\N	f
1253	1906	22	\N	closed	expired	\N	\N	f
1100	2257	47	17892	closed	\N	\N	\N	f
1026	2074	40	17901	closed	\N	\N	\N	f
1019	1596	40	17902	closed	\N	\N	\N	f
1107	1442	47	17903	closed	\N	\N	\N	f
772	675	1	\N	closed	declined		\N	f
1110	449	41	\N	closed	withdrawn	\N	\N	f
870	2091	22	\N	closed	withdrawn	\N	\N	f
1109	241	45	\N	closed	withdrawn	\N	\N	f
1136	241	45	\N	closed	declined	Duplicate booking for past event	\N	f
1067	926	41	\N	closed	withdrawn	\N	\N	f
1779	2069	41	\N	closed	withdrawn	\N	\N	f
1343	2113	2	\N	closed	expired	\N	\N	f
1124	2282	45	18067	closed	\N	\N	\N	f
1732	344	46	\N	closed	expired	\N	\N	f
1117	2283	45	\N	closed	withdrawn	\N	\N	f
1664	2112	59	\N	closed	withdrawn	\N	\N	f
1141	423	41	17923	closed	\N	\N	\N	f
1123	2267	45	17910	closed	\N	\N	\N	f
1122	2267	29	\N	closed	expired	\N	\N	f
1591	2091	63	\N	closed	withdrawn	\N	\N	f
1430	2099	22	\N	closed	expired	\N	\N	f
1509	2077	46	\N	closed	withdrawn	\N	\N	f
1128	2089	46	\N	closed	expired	\N	\N	f
1129	2241	46	\N	closed	expired	\N	\N	f
1134	1517	45	17944	closed	\N	\N	\N	f
1132	2259	46	\N	closed	expired	\N	\N	f
1131	189	41	\N	closed	expired	\N	\N	f
1138	1973	1	17945	closed	\N	\N	\N	f
1135	1442	46	\N	closed	expired	\N	\N	f
1127	2089	41	\N	closed	withdrawn	\N	\N	f
46	2006	3	\N	closed	expired	\N	\N	f
49	2004	3	\N	closed	expired	\N	\N	f
47	2002	3	\N	closed	expired	\N	\N	f
52	2017	3	\N	closed	expired	\N	\N	f
83	2049	4	\N	closed	expired	\N	\N	f
1137	358	22	\N	closed	expired	\N	\N	f
1126	2089	45	17961	closed	\N	\N	\N	f
1120	2227	41	\N	closed	withdrawn	\N	\N	f
1125	344	46	\N	closed	withdrawn	\N	\N	f
1171	2069	22	\N	closed	withdrawn	\N	\N	f
1140	2275	2	\N	closed	expired	\N	\N	f
1142	2285	41	\N	closed	expired	\N	\N	f
1145	2089	41	\N	closed	expired	\N	\N	f
1139	224	22	\N	closed	expired	\N	\N	f
1254	1906	2	\N	closed	expired	\N	\N	f
77	2042	3	\N	closed	expired	\N	\N	f
95	2053	3	\N	closed	expired	\N	\N	f
143	1094	5	\N	closed	expired	\N	\N	f
177	1163	5	\N	closed	expired	\N	\N	f
204	1094	6	\N	closed	expired	\N	\N	f
311	2112	11	\N	closed	expired	\N	\N	f
324	1121	10	\N	closed	expired	\N	\N	f
403	1988	7	\N	closed	expired	\N	\N	f
440	2140	19	\N	closed	expired	\N	\N	f
496	1404	10	\N	closed	expired	\N	\N	f
518	2077	11	\N	closed	expired	\N	\N	f
584	1596	27	\N	closed	expired	\N	\N	f
628	157	11	\N	closed	expired	\N	\N	f
661	2163	22	\N	closed	expired	\N	\N	f
769	387	23	\N	closed	expired	\N	\N	f
780	942	23	\N	closed	expired	\N	\N	f
871	2091	2	\N	closed	expired	\N	\N	f
902	1555	27	\N	closed	expired	\N	\N	f
947	2241	42	\N	closed	expired	\N	\N	f
998	383	41	\N	closed	expired	\N	\N	f
1665	2112	59	\N	open	\N	\N	\N	f
1431	2069	22	\N	closed	expired	\N	\N	f
1344	2069	51	\N	open	\N	\N	\N	f
1781	2069	41	\N	open	\N	\N	\N	f
1255	1906	45	\N	closed	declined		\N	f
1172	347	22	\N	closed	expired	\N	\N	f
1592	2275	46	\N	closed	expired	\N	\N	f
1837	2351	64	\N	open	\N	\N	\N	f
1510	2077	53	\N	closed	withdrawn	\N	\N	f
1902	2049	64	\N	open	\N	\N	\N	f
1733	2330	1	18349	closed	\N	\N	\N	f
76	2032	3	\N	closed	expired	\N	\N	f
202	157	6	\N	closed	expired	\N	\N	f
266	942	11	\N	closed	expired	\N	\N	f
346	943	10	\N	closed	expired	\N	\N	f
394	2113	2	\N	closed	expired	\N	\N	f
450	1913	11	\N	closed	expired	\N	\N	f
488	2106	10	\N	closed	expired	\N	\N	f
531	423	23	\N	closed	expired	\N	\N	f
577	828	11	\N	closed	expired	\N	\N	f
657	2163	11	\N	closed	expired	\N	\N	f
675	1157	27	\N	closed	expired	\N	\N	f
694	935	11	\N	closed	expired	\N	\N	f
743	344	23	\N	closed	expired	\N	\N	f
799	2074	11	\N	closed	expired	\N	\N	f
864	942	22	\N	closed	expired	\N	\N	f
889	2118	2	\N	closed	expired	\N	\N	f
906	2257	23	\N	closed	expired	\N	\N	f
941	2257	41	\N	closed	expired	\N	\N	f
1001	2259	43	\N	closed	expired	\N	\N	f
1032	2265	41	\N	closed	expired	\N	\N	f
1256	2106	50	\N	open	\N	\N	\N	f
1345	2297	51	\N	open	\N	\N	\N	f
1586	1861	41	\N	closed	expired	\N	\N	f
1232	1312	22	\N	closed	expired	\N	\N	f
1593	2275	53	\N	closed	expired	\N	\N	f
1838	2348	64	\N	open	\N	\N	\N	f
1666	2313	1	18255	closed	\N	\N	\N	f
1432	2069	41	\N	closed	expired	\N	\N	f
1903	2091	69	\N	open	\N	\N	\N	f
1734	2099	41	\N	closed	withdrawn	\N	\N	f
82	2049	3	\N	closed	expired	\N	\N	f
146	1373	5	\N	closed	expired	\N	\N	f
187	395	2	\N	closed	expired	\N	\N	f
218	201	6	\N	closed	expired	\N	\N	f
289	224	11	\N	closed	expired	\N	\N	f
327	2113	10	\N	closed	expired	\N	\N	f
392	2134	2	\N	closed	expired	\N	\N	f
420	2001	4	\N	closed	expired	\N	\N	f
445	2099	19	\N	closed	expired	\N	\N	f
490	1964	22	\N	closed	expired	\N	\N	f
522	2077	10	\N	closed	expired	\N	\N	f
579	445	27	\N	closed	expired	\N	\N	f
604	1995	11	\N	closed	expired	\N	\N	f
660	2163	2	\N	closed	expired	\N	\N	f
746	493	11	\N	closed	expired	\N	\N	f
788	2035	23	\N	closed	expired	\N	\N	f
955	2260	41	\N	closed	expired	\N	\N	f
974	710	42	\N	closed	expired	\N	\N	f
1433	2069	50	\N	open	\N	\N	\N	f
1113	840	46	17941	closed	\N	\N	\N	f
1346	2297	50	\N	open	\N	\N	\N	f
1231	1312	41	\N	closed	expired	\N	\N	f
1257	1773	41	\N	closed	expired	\N	\N	f
1594	2275	41	\N	closed	expired	\N	\N	f
1782	2298	29	\N	open	\N	\N	\N	f
1667	2313	50	18245	closed	\N	\N	\N	f
1507	2077	41	\N	closed	withdrawn	\N	\N	f
1839	2056	64	\N	open	\N	\N	\N	f
1897	241	68	\N	closed	withdrawn	\N	\N	f
84	2039	3	\N	closed	expired	\N	\N	f
198	2069	6	\N	closed	expired	\N	\N	f
209	487	6	\N	closed	expired	\N	\N	f
276	1964	11	\N	closed	expired	\N	\N	f
312	2112	10	\N	closed	expired	\N	\N	f
348	1102	11	\N	closed	expired	\N	\N	f
405	2134	10	\N	closed	expired	\N	\N	f
449	1913	10	\N	closed	expired	\N	\N	f
465	2069	19	\N	closed	expired	\N	\N	f
481	2144	2	\N	closed	expired	\N	\N	f
491	710	10	\N	closed	expired	\N	\N	f
572	762	24	\N	closed	expired	\N	\N	f
832	1596	8	\N	closed	expired	\N	\N	f
937	2259	27	\N	closed	expired	\N	\N	f
985	276	42	\N	closed	expired	\N	\N	f
1347	2297	22	\N	closed	expired	\N	\N	f
1595	2275	2	\N	closed	expired	\N	\N	f
1173	2227	22	\N	closed	expired	\N	\N	f
1258	1773	50	18014	closed	\N	\N	\N	f
1783	2298	46	\N	open	\N	\N	\N	f
1434	2091	46	\N	closed	withdrawn	\N	\N	f
1735	2077	41	\N	open	\N	\N	\N	f
1511	1913	46	\N	closed	expired	\N	\N	f
1668	2313	41	\N	closed	expired	\N	\N	f
1840	2099	22	18392	closed	\N	\N	\N	f
1904	241	68	18436	closed	\N	\N	\N	f
88	2005	3	\N	closed	expired	\N	\N	f
134	1913	5	\N	closed	expired	\N	\N	f
199	2069	2	\N	closed	expired	\N	\N	f
287	341	9	\N	closed	expired	\N	\N	f
399	2136	10	\N	closed	expired	\N	\N	f
422	2001	11	\N	closed	expired	\N	\N	f
466	2109	2	\N	closed	expired	\N	\N	f
520	2077	2	\N	closed	expired	\N	\N	f
569	2112	23	\N	closed	expired	\N	\N	f
637	224	27	\N	closed	expired	\N	\N	f
692	935	23	\N	closed	expired	\N	\N	f
742	1964	27	\N	closed	expired	\N	\N	f
778	151	2	\N	closed	expired	\N	\N	f
822	1894	22	\N	closed	expired	\N	\N	f
928	1284	41	\N	closed	expired	\N	\N	f
948	2241	41	\N	closed	expired	\N	\N	f
977	842	42	\N	closed	expired	\N	\N	f
1348	2297	46	\N	closed	expired	\N	\N	f
1784	2298	53	\N	open	\N	\N	\N	f
1669	2313	46	\N	closed	expired	\N	\N	f
1174	840	41	\N	closed	expired	\N	\N	f
1259	1773	46	\N	closed	expired	\N	\N	f
1596	575	61	\N	closed	withdrawn	\N	\N	f
1435	2257	46	\N	closed	expired	\N	\N	f
1736	2077	63	\N	open	\N	\N	\N	f
1512	1913	1	\N	closed	expired	\N	\N	f
1841	2077	22	18393	closed	\N	\N	\N	f
128	1360	5	\N	closed	expired	\N	\N	f
182	1991	5	\N	closed	expired	\N	\N	f
201	423	6	\N	closed	expired	\N	\N	f
307	1964	10	\N	closed	expired	\N	\N	f
375	402	10	\N	closed	expired	\N	\N	f
498	1404	22	\N	closed	expired	\N	\N	f
523	2077	4	\N	closed	expired	\N	\N	f
656	2154	4	\N	closed	expired	\N	\N	f
805	2241	27	\N	closed	expired	\N	\N	f
815	1359	23	\N	closed	expired	\N	\N	f
860	1442	22	\N	closed	expired	\N	\N	f
883	2069	38	\N	closed	expired	\N	\N	f
899	1964	39	\N	closed	expired	\N	\N	f
944	229	42	\N	closed	expired	\N	\N	f
992	2263	42	\N	closed	expired	\N	\N	f
1597	575	62	\N	open	\N	\N	\N	f
1785	2298	41	\N	open	\N	\N	\N	f
1349	2298	45	\N	closed	withdrawn	\N	\N	f
1175	2210	22	\N	closed	expired	\N	\N	f
1260	1773	22	\N	closed	expired	\N	\N	f
1842	157	22	18400	closed	\N	\N	\N	f
1436	2134	1	18256	closed	\N	\N	\N	f
1906	2099	69	\N	open	\N	\N	\N	f
1670	493	41	18259	closed	\N	\N	\N	f
1737	2077	46	\N	open	\N	\N	\N	f
1513	2272	1	\N	closed	expired	\N	\N	f
165	375	5	\N	closed	expired	\N	\N	f
184	2088	2	\N	closed	expired	\N	\N	f
203	1898	6	\N	closed	expired	\N	\N	f
280	132	7	\N	closed	expired	\N	\N	f
391	224	10	\N	closed	expired	\N	\N	f
406	2134	11	\N	closed	expired	\N	\N	f
439	2140	10	\N	closed	expired	\N	\N	f
463	2142	19	\N	closed	expired	\N	\N	f
495	1111	22	\N	closed	expired	\N	\N	f
536	2109	10	\N	closed	expired	\N	\N	f
562	987	23	\N	closed	expired	\N	\N	f
613	423	27	\N	closed	expired	\N	\N	f
664	757	11	\N	closed	expired	\N	\N	f
669	1111	27	\N	closed	expired	\N	\N	f
697	2118	25	\N	closed	expired	\N	\N	f
745	493	27	\N	closed	expired	\N	\N	f
766	387	27	\N	closed	expired	\N	\N	f
798	2074	22	\N	closed	expired	\N	\N	f
814	1359	2	\N	closed	expired	\N	\N	f
858	1442	27	\N	closed	expired	\N	\N	f
978	1973	42	\N	closed	expired	\N	\N	f
1003	757	43	\N	closed	expired	\N	\N	f
1598	575	63	\N	open	\N	\N	\N	f
1786	2138	41	\N	open	\N	\N	\N	f
1176	2210	46	\N	closed	expired	\N	\N	f
1261	1926	1	17963	closed	\N	\N	\N	f
1350	449	50	\N	open	\N	\N	\N	f
1843	2311	65	\N	open	\N	\N	\N	f
1907	1361	69	\N	open	\N	\N	\N	f
1671	2084	61	\N	open	\N	\N	\N	f
1514	840	59	\N	closed	withdrawn	\N	\N	f
1437	2134	46	\N	closed	expired	\N	\N	f
1738	2077	53	\N	open	\N	\N	\N	f
151	1061	5	\N	closed	expired	\N	\N	f
281	2099	11	\N	closed	expired	\N	\N	f
309	987	10	\N	closed	expired	\N	\N	f
386	341	10	\N	closed	expired	\N	\N	f
418	2001	2	\N	closed	expired	\N	\N	f
433	224	19	\N	closed	expired	\N	\N	f
499	222	10	\N	closed	expired	\N	\N	f
532	341	23	\N	closed	expired	\N	\N	f
558	241	2	\N	closed	expired	\N	\N	f
581	1991	27	\N	closed	expired	\N	\N	f
619	2112	8	\N	closed	expired	\N	\N	f
663	2156	11	\N	closed	expired	\N	\N	f
690	935	27	\N	closed	expired	\N	\N	f
807	2241	23	\N	closed	expired	\N	\N	f
856	2035	16	\N	closed	expired	\N	\N	f
932	2259	23	\N	closed	expired	\N	\N	f
953	2260	23	\N	closed	expired	\N	\N	f
988	2113	42	\N	closed	expired	\N	\N	f
1038	1773	43	\N	closed	expired	\N	\N	f
1599	575	50	\N	open	\N	\N	\N	f
1787	2138	46	\N	open	\N	\N	\N	f
1844	2311	29	\N	open	\N	\N	\N	f
1672	2311	1	18254	closed	\N	\N	\N	f
1438	2134	41	\N	closed	expired	\N	\N	f
1351	2298	45	18054	closed	\N	\N	\N	f
1739	2077	59	\N	open	\N	\N	\N	f
1262	1913	50	18081	closed	\N	\N	\N	f
1908	840	69	\N	open	\N	\N	\N	f
1515	942	59	\N	closed	withdrawn	\N	\N	f
286	1964	9	\N	closed	expired	\N	\N	f
310	1973	11	\N	closed	expired	\N	\N	f
387	1596	2	\N	closed	expired	\N	\N	f
410	2138	7	\N	closed	expired	\N	\N	f
443	930	11	\N	closed	expired	\N	\N	f
467	2143	2	\N	closed	expired	\N	\N	f
521	2077	23	\N	closed	expired	\N	\N	f
635	1493	23	\N	closed	expired	\N	\N	f
691	935	22	\N	closed	expired	\N	\N	f
736	2084	4	\N	closed	expired	\N	\N	f
767	387	11	\N	closed	expired	\N	\N	f
790	2109	23	\N	closed	expired	\N	\N	f
819	1894	11	\N	closed	expired	\N	\N	f
936	2259	39	\N	closed	expired	\N	\N	f
1439	1361	41	\N	closed	expired	\N	\N	f
1263	1517	50	18043	closed	\N	\N	\N	f
1600	575	59	\N	closed	withdrawn	\N	\N	f
1177	452	22	\N	closed	expired	\N	\N	f
1673	383	41	\N	closed	withdrawn	\N	\N	f
1516	942	59	\N	closed	withdrawn	\N	\N	f
1740	891	1	18272	closed	\N	\N	\N	f
1352	2298	50	\N	closed	withdrawn	\N	\N	f
1845	2311	22	18401	closed	\N	\N	\N	f
1788	2138	1	18405	closed	\N	\N	\N	f
1909	2365	64	\N	open	\N	\N	\N	f
1353	344	46	\N	closed	expired	\N	\N	f
1264	1432	50	\N	open	\N	\N	\N	f
1440	493	51	\N	open	\N	\N	\N	f
1178	535	46	\N	closed	expired	\N	\N	f
1789	2311	41	\N	closed	withdrawn	\N	\N	f
1846	2267	46	\N	open	\N	\N	\N	f
1910	2366	64	\N	open	\N	\N	\N	f
1601	2069	63	18247	closed	\N	\N	\N	f
1674	344	46	\N	closed	withdrawn	\N	\N	f
1741	2321	46	\N	open	\N	\N	\N	f
1517	224	59	\N	closed	withdrawn	\N	\N	f
1602	151	63	\N	open	\N	\N	\N	f
1675	2325	50	\N	open	\N	\N	\N	f
1111	2272	45	17962	closed	\N	\N	\N	f
1179	535	22	\N	closed	expired	\N	\N	f
1518	2259	59	\N	open	\N	\N	\N	f
1354	344	50	17998	closed	\N	\N	\N	f
1742	2321	41	\N	open	\N	\N	\N	f
1441	493	50	18170	closed	\N	\N	\N	f
1790	423	41	\N	open	\N	\N	\N	f
1847	2267	41	\N	open	\N	\N	\N	f
1911	2311	69	\N	open	\N	\N	\N	f
1265	2293	50	\N	open	\N	\N	\N	f
1355	220	51	\N	open	\N	\N	\N	f
1603	151	2	\N	closed	expired	\N	\N	f
1180	535	41	\N	closed	expired	\N	\N	f
1250	2107	22	\N	closed	expired	\N	\N	f
1442	238	1	\N	closed	expired	\N	\N	f
1420	840	50	\N	closed	withdrawn	\N	\N	f
1676	621	2	\N	closed	expired	\N	\N	f
1848	2267	22	\N	open	\N	\N	\N	f
1791	2339	1	18443	closed	\N	\N	\N	f
1912	445	53	\N	open	\N	\N	\N	f
1181	2099	50	\N	open	\N	\N	\N	f
1356	220	46	\N	closed	expired	\N	\N	f
1792	2339	46	\N	open	\N	\N	\N	f
1248	2107	41	\N	closed	expired	\N	\N	f
1266	2293	46	\N	closed	expired	\N	\N	f
1577	344	63	18204	closed	\N	\N	\N	f
1743	2091	41	\N	open	\N	\N	\N	f
1443	2304	45	18386	closed	\N	\N	\N	f
1677	1403	46	\N	closed	expired	\N	\N	f
1849	493	46	\N	open	\N	\N	\N	f
1913	445	69	\N	open	\N	\N	\N	f
1444	2242	50	\N	open	\N	\N	\N	f
1604	1228	41	\N	closed	expired	\N	\N	f
1519	423	59	\N	open	\N	\N	\N	f
1182	157	50	18005	closed	\N	\N	\N	f
1267	2293	2	\N	closed	expired	\N	\N	f
1357	757	46	\N	closed	expired	\N	\N	f
1793	2339	41	\N	open	\N	\N	\N	f
1495	2311	2	\N	closed	expired	\N	\N	f
1850	2339	22	\N	open	\N	\N	\N	f
1678	1359	46	18345	closed	\N	\N	\N	f
1914	2169	68	\N	open	\N	\N	\N	f
1605	842	63	\N	open	\N	\N	\N	f
1121	2267	46	\N	closed	expired	\N	\N	f
1183	157	22	\N	closed	expired	\N	\N	f
1268	2293	45	17967	closed	\N	\N	\N	f
1794	2339	53	\N	open	\N	\N	\N	f
1520	1596	59	\N	open	\N	\N	\N	f
1358	757	41	\N	closed	expired	\N	\N	f
1679	1359	63	\N	open	\N	\N	\N	f
1744	151	41	\N	open	\N	\N	\N	f
1851	2016	64	\N	closed	withdrawn	\N	\N	f
1915	974	69	\N	open	\N	\N	\N	f
1795	2325	41	\N	open	\N	\N	\N	f
1521	1596	51	\N	open	\N	\N	\N	f
1269	2227	41	\N	closed	withdrawn	\N	\N	f
1184	1748	50	17992	closed	\N	\N	\N	f
1359	1798	50	\N	open	\N	\N	\N	f
1680	1995	62	\N	open	\N	\N	\N	f
1852	840	22	18398	closed	\N	\N	\N	f
1606	2079	60	18263	closed	\N	\N	\N	f
1445	2306	1	\N	closed	expired	\N	\N	f
1745	151	53	\N	open	\N	\N	\N	f
1916	1628	68	18484	closed	\N	\N	\N	f
1185	710	50	\N	open	\N	\N	\N	f
1607	1403	63	\N	open	\N	\N	\N	f
1681	2035	63	\N	open	\N	\N	\N	f
1446	2091	29	\N	closed	withdrawn	\N	\N	f
1522	1596	50	\N	open	\N	\N	\N	f
1360	496	51	18034	closed	\N	\N	\N	f
1270	2227	41	\N	closed	expired	\N	\N	f
1746	2242	46	\N	open	\N	\N	\N	f
1796	2107	41	\N	open	\N	\N	\N	f
1853	2091	22	\N	open	\N	\N	\N	f
1917	1628	69	\N	open	\N	\N	\N	f
1447	675	51	\N	open	\N	\N	\N	f
1797	2325	46	\N	open	\N	\N	\N	f
1608	1403	62	\N	open	\N	\N	\N	f
1271	2294	1	17966	closed	\N	\N	\N	f
1361	200	46	\N	closed	expired	\N	\N	f
1186	347	50	17985	closed	\N	\N	\N	f
1682	2293	46	\N	closed	expired	\N	\N	f
1523	1596	41	\N	closed	withdrawn	\N	\N	f
1854	2333	59	\N	open	\N	\N	\N	f
1747	2335	1	18444	closed	\N	\N	\N	f
1918	1628	41	\N	open	\N	\N	\N	f
1609	2257	63	\N	open	\N	\N	\N	f
1683	2293	63	\N	open	\N	\N	\N	f
1362	200	50	\N	open	\N	\N	\N	f
1508	2077	22	\N	closed	expired	\N	\N	f
1187	2257	50	18080	closed	\N	\N	\N	f
1133	2259	41	\N	closed	expired	\N	\N	f
1524	2223	59	\N	open	\N	\N	\N	f
1272	1403	46	\N	closed	expired	\N	\N	f
1798	575	59	\N	open	\N	\N	\N	f
1855	2333	53	\N	open	\N	\N	\N	f
1919	1628	46	\N	open	\N	\N	\N	f
1130	189	46	\N	closed	expired	\N	\N	f
1799	1442	46	\N	open	\N	\N	\N	f
1610	1995	63	\N	open	\N	\N	\N	f
1273	2277	50	17964	closed	\N	\N	\N	f
1856	2112	56	\N	open	\N	\N	\N	f
1188	423	50	18017	closed	\N	\N	\N	f
1363	200	51	\N	open	\N	\N	\N	f
1525	157	59	18211	closed	\N	\N	\N	f
1328	1748	51	\N	closed	withdrawn	\N	\N	f
1748	2035	46	\N	open	\N	\N	\N	f
1920	2311	41	\N	open	\N	\N	\N	f
1800	452	41	\N	open	\N	\N	\N	f
1611	2169	63	\N	open	\N	\N	\N	f
1526	1248	51	\N	open	\N	\N	\N	f
1189	1361	50	18000	closed	\N	\N	\N	f
1857	2112	65	\N	open	\N	\N	\N	f
1274	2277	46	\N	closed	expired	\N	\N	f
1364	200	22	\N	closed	expired	\N	\N	f
1684	1748	50	\N	open	\N	\N	\N	f
1921	2259	69	\N	open	\N	\N	\N	f
1448	2097	45	18253	closed	\N	\N	\N	f
1749	157	41	\N	open	\N	\N	\N	f
1612	2169	50	\N	open	\N	\N	\N	f
1365	2277	50	\N	open	\N	\N	\N	f
1449	2097	2	\N	closed	expired	\N	\N	f
1190	2242	50	18078	closed	\N	\N	\N	f
1801	452	46	\N	open	\N	\N	\N	f
1527	2259	60	\N	closed	declined	Please note that this program is in Los Angeles, I assume you are not in Los Angeles at this time?  	\N	f
1275	2277	41	\N	closed	expired	\N	\N	f
1685	1748	41	\N	closed	expired	\N	\N	f
1858	2112	22	\N	open	\N	\N	\N	f
1750	942	41	\N	closed	withdrawn	\N	\N	f
1922	522	69	\N	open	\N	\N	\N	f
1613	2169	62	\N	open	\N	\N	\N	f
1450	926	50	\N	open	\N	\N	\N	f
1191	2223	29	\N	closed	expired	\N	\N	f
1276	2277	1	17965	closed	\N	\N	\N	f
1366	2299	50	\N	open	\N	\N	\N	f
1528	939	59	\N	open	\N	\N	\N	f
1686	1748	63	\N	open	\N	\N	\N	f
1751	942	59	\N	open	\N	\N	\N	f
1802	1442	41	\N	open	\N	\N	\N	f
1859	2112	2	\N	open	\N	\N	\N	f
1923	522	41	\N	open	\N	\N	\N	f
1192	2223	50	\N	open	\N	\N	\N	f
1367	2299	51	\N	open	\N	\N	\N	f
1687	1748	59	\N	open	\N	\N	\N	f
1451	926	51	\N	closed	withdrawn	\N	\N	f
1529	939	51	\N	open	\N	\N	\N	f
1277	2277	2	\N	closed	expired	\N	\N	f
1614	2267	46	\N	closed	expired	\N	\N	f
1752	2099	41	18342	closed	\N	\N	\N	f
1769	2265	45	18359	closed	\N	\N	\N	f
1860	2112	45	\N	closed	declined	Sorry dude this date is booked.	\N	f
1924	522	68	18486	closed	\N	\N	\N	f
1615	2267	41	\N	closed	expired	\N	\N	f
1368	1113	51	\N	open	\N	\N	\N	f
1803	487	41	\N	open	\N	\N	\N	f
1193	276	50	18029	closed	\N	\N	\N	f
1278	2277	45	\N	closed	expired	\N	\N	f
1688	2259	63	\N	open	\N	\N	\N	f
1861	2112	53	\N	open	\N	\N	\N	f
1925	2101	69	\N	open	\N	\N	\N	f
1530	1930	60	18258	closed	\N	\N	\N	f
1452	926	46	\N	closed	expired	\N	\N	f
1753	942	46	\N	open	\N	\N	\N	f
1804	840	41	\N	open	\N	\N	\N	f
1862	2112	41	\N	open	\N	\N	\N	f
1926	2339	69	\N	open	\N	\N	\N	f
1531	1923	60	\N	open	\N	\N	\N	f
1194	942	50	18016	closed	\N	\N	\N	f
1279	2277	22	\N	closed	expired	\N	\N	f
1616	2267	60	\N	closed	declined	Hi Alex, this program is in Santa Monica.  Thanks for your interest but I assume it is not realistic for you. 	\N	f
1369	2257	2	\N	closed	expired	\N	\N	f
1689	2259	62	\N	open	\N	\N	\N	f
1453	241	46	\N	closed	withdrawn	\N	\N	f
1728	2332	46	18347	closed	\N	\N	\N	f
1585	840	56	\N	closed	withdrawn	\N	\N	f
1454	1891	50	18116	closed	\N	\N	\N	f
1280	2277	1	17989	closed	\N	\N	\N	f
1195	2074	50	18002	closed	\N	\N	\N	f
1532	1935	60	\N	closed	withdrawn	\N	\N	f
1617	2267	56	\N	closed	expired	\N	\N	f
1370	1992	1	18004	closed	\N	\N	\N	f
1863	2321	22	\N	open	\N	\N	\N	f
1805	2340	45	18404	closed	\N	\N	\N	f
1754	2336	1	\N	closed	declined	Sorry dates are booked.  Would need samples of music if you chose to re-apply. Thx	\N	f
1927	224	68	\N	closed	withdrawn	\N	\N	f
1281	2279	50	\N	open	\N	\N	\N	f
1618	2267	53	\N	closed	expired	\N	\N	f
1455	1913	50	\N	open	\N	\N	\N	f
1196	2077	1	\N	closed	declined		\N	f
1371	1056	22	\N	closed	expired	\N	\N	f
1533	1948	60	\N	open	\N	\N	\N	f
1755	383	56	\N	open	\N	\N	\N	f
1652	2113	41	\N	closed	expired	\N	\N	f
1690	2089	46	\N	closed	expired	\N	\N	f
1864	2321	1	\N	open	\N	\N	\N	f
1928	224	69	\N	open	\N	\N	\N	f
1619	939	61	\N	open	\N	\N	\N	f
1654	2112	46	\N	closed	expired	\N	\N	f
1691	2311	41	\N	closed	withdrawn	\N	\N	f
1756	224	53	\N	open	\N	\N	\N	f
1372	2118	50	18047	closed	\N	\N	\N	f
1456	423	50	\N	open	\N	\N	\N	f
1197	2077	2	\N	closed	expired	\N	\N	f
1534	1943	60	\N	open	\N	\N	\N	f
1282	1628	22	\N	closed	expired	\N	\N	f
1865	2321	59	\N	open	\N	\N	\N	f
1929	522	53	\N	open	\N	\N	\N	f
1620	939	62	\N	open	\N	\N	\N	f
1656	2112	41	\N	closed	expired	\N	\N	f
1373	1403	50	\N	open	\N	\N	\N	f
1457	2257	50	\N	open	\N	\N	\N	f
1198	2077	45	\N	closed	declined		\N	f
1283	2265	1	\N	closed	declined		\N	f
1535	1850	60	\N	open	\N	\N	\N	f
1692	2311	46	18346	closed	\N	\N	\N	f
1757	157	46	\N	open	\N	\N	\N	f
1866	2016	64	\N	open	\N	\N	\N	f
1930	2057	64	\N	open	\N	\N	\N	f
1199	2077	50	\N	open	\N	\N	\N	f
1621	939	63	\N	open	\N	\N	\N	f
1806	383	41	\N	open	\N	\N	\N	f
1536	1811	60	\N	open	\N	\N	\N	f
1284	2265	2	\N	closed	expired	\N	\N	f
1374	1403	41	\N	closed	expired	\N	\N	f
1402	2062	41	\N	closed	expired	\N	\N	f
1458	1596	56	\N	closed	expired	\N	\N	f
1758	1596	41	\N	closed	withdrawn	\N	\N	f
1867	2046	64	18433	closed	\N	\N	\N	f
1931	157	69	\N	open	\N	\N	\N	f
1807	2293	29	\N	open	\N	\N	\N	f
1408	241	22	\N	closed	expired	\N	\N	f
1073	1995	46	\N	closed	expired	\N	\N	f
1868	2355	64	\N	open	\N	\N	\N	f
1200	2077	41	\N	closed	expired	\N	\N	f
1932	1372	69	\N	open	\N	\N	\N	f
1285	2265	45	\N	closed	expired	\N	\N	f
1459	341	46	\N	closed	expired	\N	\N	f
1759	1596	2	\N	open	\N	\N	\N	f
1537	2317	56	\N	closed	expired	\N	\N	f
1622	2091	50	\N	closed	withdrawn	\N	\N	f
1808	2293	41	\N	open	\N	\N	\N	f
1286	2265	50	\N	open	\N	\N	\N	f
1375	1998	50	\N	open	\N	\N	\N	f
1869	2356	64	\N	open	\N	\N	\N	f
1201	2077	22	\N	closed	expired	\N	\N	f
1933	1372	41	\N	open	\N	\N	\N	f
1403	2062	22	\N	closed	expired	\N	\N	f
1460	151	22	\N	closed	expired	\N	\N	f
1623	2091	29	\N	closed	withdrawn	\N	\N	f
1760	1596	46	\N	open	\N	\N	\N	f
1538	1157	46	\N	closed	expired	\N	\N	f
1624	1163	63	\N	open	\N	\N	\N	f
1407	224	46	\N	closed	expired	\N	\N	f
1461	151	41	\N	closed	expired	\N	\N	f
1376	1998	51	\N	open	\N	\N	\N	f
1202	2077	46	\N	closed	expired	\N	\N	f
1539	224	61	\N	open	\N	\N	\N	f
1287	2265	41	\N	closed	expired	\N	\N	f
1288	2265	22	\N	closed	expired	\N	\N	f
1720	987	46	18360	closed	\N	\N	\N	f
1761	224	41	\N	closed	withdrawn	\N	\N	f
1778	2312	45	18403	closed	\N	\N	\N	f
1934	1372	1	\N	open	\N	\N	\N	f
1203	151	50	\N	open	\N	\N	\N	f
1625	1163	61	\N	open	\N	\N	\N	f
1377	2035	50	\N	open	\N	\N	\N	f
1462	423	41	18104	closed	\N	\N	\N	f
1540	224	62	\N	open	\N	\N	\N	f
1289	2265	46	\N	closed	expired	\N	\N	f
1809	987	46	\N	open	\N	\N	\N	f
1762	224	46	\N	closed	withdrawn	\N	\N	f
1693	1359	41	\N	closed	expired	\N	\N	f
1724	2267	45	18407	closed	\N	\N	\N	f
1935	1372	68	18485	closed	\N	\N	\N	f
1463	1312	53	\N	closed	expired	\N	\N	f
1378	2035	51	\N	open	\N	\N	\N	f
1290	1995	51	18041	closed	\N	\N	\N	f
1204	2089	50	18028	closed	\N	\N	\N	f
1626	1163	29	\N	closed	expired	\N	\N	f
1541	1977	60	\N	open	\N	\N	\N	f
1763	224	59	\N	open	\N	\N	\N	f
1810	2344	46	\N	open	\N	\N	\N	f
1694	1415	46	\N	closed	withdrawn	\N	\N	f
1870	2358	64	\N	open	\N	\N	\N	f
1936	1372	46	\N	open	\N	\N	\N	f
1205	2289	50	\N	open	\N	\N	\N	f
1627	1163	50	\N	open	\N	\N	\N	f
1379	2302	51	\N	open	\N	\N	\N	f
1811	2344	59	\N	open	\N	\N	\N	f
1695	487	62	\N	open	\N	\N	\N	f
1291	132	41	\N	closed	expired	\N	\N	f
1464	157	41	\N	closed	expired	\N	\N	f
1542	2259	62	18178	closed	\N	\N	\N	f
1871	2101	2	\N	open	\N	\N	\N	f
1764	1361	1	18440	closed	\N	\N	\N	f
1726	241	53	\N	closed	expired	\N	\N	f
1765	487	41	\N	closed	withdrawn	\N	\N	f
1543	383	50	\N	open	\N	\N	\N	f
1206	487	50	17993	closed	\N	\N	\N	f
1380	2302	50	\N	open	\N	\N	\N	f
1292	132	46	\N	closed	expired	\N	\N	f
1812	840	46	\N	closed	withdrawn	\N	\N	f
1872	819	45	\N	open	\N	\N	\N	f
1937	177	69	\N	open	\N	\N	\N	f
1492	2316	58	18206	closed	\N	\N	\N	f
1696	1634	63	\N	open	\N	\N	\N	f
1465	224	41	\N	closed	expired	\N	\N	f
1293	2089	51	\N	open	\N	\N	\N	f
1381	1913	51	\N	open	\N	\N	\N	f
1466	2311	1	\N	closed	withdrawn	\N	\N	f
1207	487	46	\N	closed	expired	\N	\N	f
1813	757	46	18388	closed	\N	\N	\N	f
1544	383	41	18220	closed	\N	\N	\N	f
1411	362	1	\N	closed	expired	\N	\N	f
1628	2311	61	\N	closed	withdrawn	\N	\N	f
1574	2242	41	\N	closed	expired	\N	\N	f
1873	2259	46	\N	open	\N	\N	\N	f
1938	177	68	18489	closed	\N	\N	\N	f
1208	1028	50	\N	open	\N	\N	\N	f
1382	224	51	\N	open	\N	\N	\N	f
1814	1595	65	\N	open	\N	\N	\N	f
1629	2311	59	18210	closed	\N	\N	\N	f
1467	2311	50	18114	closed	\N	\N	\N	f
1294	2089	22	\N	closed	expired	\N	\N	f
1416	2303	41	\N	closed	expired	\N	\N	f
1874	2035	65	\N	open	\N	\N	\N	f
1545	383	46	18348	closed	\N	\N	\N	f
1939	2282	45	\N	open	\N	\N	\N	f
1546	383	59	\N	closed	withdrawn	\N	\N	f
1062	1404	41	\N	closed	expired	\N	\N	f
1383	224	50	\N	open	\N	\N	\N	f
1815	2311	45	\N	open	\N	\N	\N	f
1209	2091	50	\N	closed	withdrawn	\N	\N	f
1630	2311	46	\N	closed	withdrawn	\N	\N	f
1468	2311	29	\N	closed	expired	\N	\N	f
1697	1964	56	\N	closed	expired	\N	\N	f
1875	2035	41	\N	open	\N	\N	\N	f
1940	224	68	\N	closed	withdrawn	\N	\N	f
1063	2272	2	\N	closed	expired	\N	\N	f
1876	2298	45	\N	open	\N	\N	\N	f
1210	2060	50	18018	closed	\N	\N	\N	f
1631	1913	59	\N	open	\N	\N	\N	f
1384	2277	29	\N	closed	expired	\N	\N	f
1469	2311	41	\N	closed	withdrawn	\N	\N	f
1698	2311	61	\N	open	\N	\N	\N	f
1547	2241	59	\N	closed	withdrawn	\N	\N	f
1816	2311	1	18442	closed	\N	\N	\N	f
1941	224	68	\N	closed	withdrawn	\N	\N	f
1699	2311	41	\N	closed	withdrawn	\N	\N	f
1092	942	46	\N	closed	withdrawn	\N	\N	f
1632	1913	63	18248	closed	\N	\N	\N	f
1211	2291	50	18079	closed	\N	\N	\N	f
1817	224	65	\N	closed	withdrawn	\N	\N	f
1548	2241	50	\N	open	\N	\N	\N	f
1295	2091	41	\N	closed	withdrawn	\N	\N	f
1470	2311	22	\N	closed	withdrawn	\N	\N	f
1877	2045	64	\N	open	\N	\N	\N	f
1900	1898	68	\N	open	\N	\N	\N	f
1633	1773	53	\N	closed	expired	\N	\N	f
1471	2311	46	\N	closed	withdrawn	\N	\N	f
1212	2261	50	\N	closed	withdrawn	\N	\N	f
1818	1359	1	\N	open	\N	\N	\N	f
1549	2241	62	\N	open	\N	\N	\N	f
1296	2091	51	\N	closed	withdrawn	\N	\N	f
1385	942	46	\N	closed	withdrawn	\N	\N	f
1819	1359	2	\N	open	\N	\N	\N	f
1700	2255	46	\N	closed	expired	\N	\N	f
1878	1773	41	\N	open	\N	\N	\N	f
1942	2265	45	\N	open	\N	\N	\N	f
1213	553	50	\N	open	\N	\N	\N	f
1634	1773	41	\N	closed	expired	\N	\N	f
1386	942	52	\N	closed	expired	\N	\N	f
1472	2259	50	\N	open	\N	\N	\N	f
1701	1913	63	\N	open	\N	\N	\N	f
1297	1898	51	18129	closed	\N	\N	\N	f
1550	2078	60	\N	open	\N	\N	\N	f
1820	1359	59	\N	open	\N	\N	\N	f
1879	1773	46	\N	open	\N	\N	\N	f
1943	2265	69	\N	open	\N	\N	\N	f
1387	157	50	\N	open	\N	\N	\N	f
1298	2277	51	\N	open	\N	\N	\N	f
1214	553	46	\N	closed	expired	\N	\N	f
1880	1995	41	\N	open	\N	\N	\N	f
1551	942	59	18209	closed	\N	\N	\N	f
1821	2272	45	18447	closed	\N	\N	\N	f
1635	1773	50	18217	closed	\N	\N	\N	f
1944	2265	65	\N	open	\N	\N	\N	f
1473	2259	46	\N	closed	expired	\N	\N	f
1702	151	45	18275	closed	\N	\N	\N	f
1143	2285	22	\N	closed	expired	\N	\N	f
1215	553	1	\N	closed	declined	Sorry. We are booked for a private event that night. 	\N	f
1636	1773	46	\N	closed	expired	\N	\N	f
1299	2223	51	\N	open	\N	\N	\N	f
1552	942	62	\N	open	\N	\N	\N	f
1388	241	41	\N	closed	expired	\N	\N	f
1773	840	56	\N	closed	withdrawn	\N	\N	f
1881	1995	46	\N	open	\N	\N	\N	f
1703	151	1	18451	closed	\N	\N	\N	f
1945	1010	54	\N	open	\N	\N	\N	f
1300	942	51	\N	open	\N	\N	\N	f
1389	241	51	\N	open	\N	\N	\N	f
1144	2285	46	\N	closed	expired	\N	\N	f
1216	553	22	\N	closed	expired	\N	\N	f
1822	1898	65	\N	open	\N	\N	\N	f
1637	241	63	\N	closed	withdrawn	\N	\N	f
1553	942	41	\N	closed	withdrawn	\N	\N	f
1704	151	46	\N	closed	expired	\N	\N	f
1882	939	41	\N	open	\N	\N	\N	f
1946	840	54	\N	open	\N	\N	\N	f
1823	177	41	\N	open	\N	\N	\N	f
1217	189	50	17997	closed	\N	\N	\N	f
1301	1900	51	\N	open	\N	\N	\N	f
1302	423	51	\N	open	\N	\N	\N	f
1883	2311	68	18418	closed	\N	\N	\N	f
1947	224	68	18488	closed	\N	\N	\N	f
1554	344	59	18208	closed	\N	\N	\N	f
1390	395	2	\N	closed	expired	\N	\N	f
1474	1415	45	18252	closed	\N	\N	\N	f
1705	362	63	\N	open	\N	\N	\N	f
1638	241	53	\N	closed	withdrawn	\N	\N	f
1639	1912	63	\N	open	\N	\N	\N	f
1303	1361	51	\N	open	\N	\N	\N	f
1391	1359	51	\N	open	\N	\N	\N	f
1706	2062	63	\N	open	\N	\N	\N	f
1218	2041	50	18038	closed	\N	\N	\N	f
1824	1125	1	\N	open	\N	\N	\N	f
1555	2089	58	\N	open	\N	\N	\N	f
1475	935	46	\N	closed	expired	\N	\N	f
1884	157	68	18419	closed	\N	\N	\N	f
1948	939	69	\N	open	\N	\N	\N	f
1219	1995	50	\N	open	\N	\N	\N	f
1825	224	46	\N	open	\N	\N	\N	f
1392	1359	50	\N	open	\N	\N	\N	f
1556	2089	62	\N	open	\N	\N	\N	f
1640	2113	50	\N	open	\N	\N	\N	f
1304	344	51	18027	closed	\N	\N	\N	f
1707	2062	62	\N	open	\N	\N	\N	f
1476	2265	53	\N	closed	expired	\N	\N	f
1885	1403	41	\N	open	\N	\N	\N	f
1949	999	54	\N	open	\N	\N	\N	f
1220	2275	50	\N	open	\N	\N	\N	f
1826	1415	46	\N	open	\N	\N	\N	f
1305	1628	51	\N	open	\N	\N	\N	f
1477	445	50	\N	open	\N	\N	\N	f
1886	1403	46	\N	open	\N	\N	\N	f
1641	2113	61	\N	open	\N	\N	\N	f
1950	2257	69	\N	open	\N	\N	\N	f
1557	2089	59	18212	closed	\N	\N	\N	f
1393	1359	46	\N	closed	expired	\N	\N	f
1708	2062	61	\N	open	\N	\N	\N	f
1221	2267	50	\N	open	\N	\N	\N	f
1642	2113	63	\N	open	\N	\N	\N	f
1827	224	2	\N	open	\N	\N	\N	f
1394	1359	41	\N	closed	expired	\N	\N	f
1306	1628	50	18084	closed	\N	\N	\N	f
1478	445	51	\N	open	\N	\N	\N	f
1887	2272	68	\N	open	\N	\N	\N	f
1709	2062	59	\N	open	\N	\N	\N	f
1558	2089	53	\N	closed	expired	\N	\N	f
1951	2257	68	\N	open	\N	\N	\N	f
1559	1935	60	\N	open	\N	\N	\N	f
1307	2099	51	\N	open	\N	\N	\N	f
1828	445	64	\N	closed	declined	Hello - This venue is in Somerville, NJ - USA	\N	f
1395	2255	45	18053	closed	\N	\N	\N	f
1222	1782	46	\N	closed	withdrawn	\N	\N	f
1479	487	51	\N	open	\N	\N	\N	f
1888	2272	2	\N	open	\N	\N	\N	f
1710	2097	45	18262	closed	\N	\N	\N	f
1952	2257	2	\N	open	\N	\N	\N	f
1643	2113	45	18274	closed	\N	\N	\N	f
1644	2113	59	\N	open	\N	\N	\N	f
1308	2107	51	\N	closed	withdrawn	\N	\N	f
1396	2255	46	\N	closed	expired	\N	\N	f
1223	935	50	18117	closed	\N	\N	\N	f
1829	224	41	\N	open	\N	\N	\N	f
1711	1971	45	\N	closed	withdrawn	\N	\N	f
1480	152	50	18147	closed	\N	\N	\N	f
1560	1404	59	\N	open	\N	\N	\N	f
1889	220	53	\N	open	\N	\N	\N	f
1953	1276	54	\N	open	\N	\N	\N	f
1224	1057	50	\N	open	\N	\N	\N	f
1645	942	50	\N	open	\N	\N	\N	f
1309	189	51	\N	open	\N	\N	\N	f
1397	2069	41	\N	closed	withdrawn	\N	\N	f
1150	942	41	\N	closed	expired	\N	\N	f
1561	1959	60	\N	open	\N	\N	\N	f
1830	2311	46	\N	open	\N	\N	\N	f
1712	2331	45	\N	open	\N	\N	\N	f
1890	1361	68	18438	closed	\N	\N	\N	f
1731	344	41	\N	closed	expired	\N	\N	f
1646	423	63	\N	open	\N	\N	\N	f
1398	1604	51	\N	open	\N	\N	\N	f
1225	1057	41	\N	closed	expired	\N	\N	f
1310	2259	50	18032	closed	\N	\N	\N	f
1713	2331	2	\N	open	\N	\N	\N	f
1562	344	41	\N	closed	withdrawn	\N	\N	f
1481	2035	41	\N	closed	expired	\N	\N	f
1891	452	68	18437	closed	\N	\N	\N	f
1831	2311	41	\N	closed	withdrawn	\N	\N	f
1954	1995	68	18490	closed	\N	\N	\N	f
1647	2089	63	\N	open	\N	\N	\N	f
1832	2039	64	\N	open	\N	\N	\N	f
1311	2259	51	\N	open	\N	\N	\N	f
1226	1057	22	\N	closed	expired	\N	\N	f
1399	1604	50	18030	closed	\N	\N	\N	f
1892	2091	68	\N	open	\N	\N	\N	f
1563	1964	56	\N	closed	withdrawn	\N	\N	f
1482	2074	46	\N	closed	expired	\N	\N	f
1714	2331	1	18445	closed	\N	\N	\N	f
1227	1061	50	\N	open	\N	\N	\N	f
1087	2272	46	\N	closed	expired	\N	\N	f
1483	2074	50	\N	open	\N	\N	\N	f
1564	2320	62	\N	open	\N	\N	\N	f
1312	2267	41	\N	closed	expired	\N	\N	f
1893	2339	68	\N	open	\N	\N	\N	f
1648	942	46	18343	closed	\N	\N	\N	f
1833	2037	64	18432	closed	\N	\N	\N	f
1715	2272	29	\N	closed	expired	\N	\N	f
1313	2267	51	\N	open	\N	\N	\N	f
1090	224	46	\N	closed	expired	\N	\N	f
1834	2349	64	\N	open	\N	\N	\N	f
1228	1061	41	\N	closed	expired	\N	\N	f
1484	2242	1	18257	closed	\N	\N	\N	f
1565	2320	63	18177	closed	\N	\N	\N	f
1894	942	68	18431	closed	\N	\N	\N	f
1716	2088	45	18261	closed	\N	\N	\N	f
1649	1798	46	18344	closed	\N	\N	\N	f
1835	1782	46	\N	open	\N	\N	\N	f
1314	935	51	\N	open	\N	\N	\N	f
1094	2035	46	\N	closed	expired	\N	\N	f
1650	2311	60	\N	closed	declined	Hi Eden, this program is actually in Santa Monica.  Thanks for your interest.  	\N	f
1485	2311	53	\N	closed	withdrawn	\N	\N	f
1229	1312	46	\N	closed	expired	\N	\N	f
1566	1248	50	\N	open	\N	\N	\N	f
1895	942	41	\N	open	\N	\N	\N	f
1717	987	1	18441	closed	\N	\N	\N	f
74	2010	3	\N	closed	expired	\N	\N	f
325	2113	7	\N	closed	expired	\N	\N	f
477	1142	11	\N	closed	expired	\N	\N	f
513	1964	23	\N	closed	expired	\N	\N	f
571	2155	23	\N	closed	expired	\N	\N	f
639	224	16	\N	closed	expired	\N	\N	f
702	939	27	\N	closed	expired	\N	\N	f
748	132	2	\N	closed	expired	\N	\N	f
791	939	25	\N	closed	expired	\N	\N	f
821	1894	23	\N	closed	expired	\N	\N	f
837	2113	27	\N	closed	expired	\N	\N	f
878	2097	2	\N	closed	expired	\N	\N	f
990	939	41	\N	closed	expired	\N	\N	f
1230	1312	50	\N	open	\N	\N	\N	f
1315	452	51	\N	open	\N	\N	\N	f
1093	1899	46	\N	closed	expired	\N	\N	f
1651	2113	46	\N	closed	expired	\N	\N	f
1836	1782	1	18406	closed	\N	\N	\N	f
1567	2035	63	18202	closed	\N	\N	\N	f
1486	840	53	\N	closed	withdrawn	\N	\N	f
1896	1798	46	\N	open	\N	\N	\N	f
1718	987	29	\N	closed	expired	\N	\N	f
